[


{"d":"Single Bedsheet","e":15,"p":15,"f":30,"g":25,"h":35},

{"d":"Double Bedsheet","e":20,"p":20,"f":40,"g":30,"h":40},

{"d":"Kurtain Normal","e":30,"p":"-","f":"-","g":"-","h":"-"},

{"d":"Kurtain Heavg","e":50,"p":"-","f":"-","g":"-","h":"-"},

{"d":"Kerchief","e":5,"p":"-","f":"-","g":"-","h":"-"},

{"d":"Socks","e":10,"p":"-","f":"-","g":"-","h":"-"},

{"d":"Napkin","e":10,"p":"-","f":"-","g":"-","h":"-"},

{"d":"Table Cover","e":20,"p":"-","f":"-","g":"-","h":"-"},

{"d":"Friz Cover","e":20,"p":"-","f":"-","g":"-","h":"-"},

{"d":"Normal Doormat","e":10,"p":"-","f":"-","g":"-","h":"-"},

{"d":"Heavy Doormat","e":20,"p":"-","f":"-","g":"-","h":"-"}

]