[

{"item":"Shirt/T-Shirt/Ladies Short/Top/Kurtha/Jeans","regular":50,"premium":51,"bulkpack":435},
{"item":"Leggings/Churidar Bottom","regular":40,"premium":40,"bulkpack":320},
{"item":"Saree Cotton(Kerala Saree not Included)","regular":50,"premium":100,"bulkpack":450},
{"item":"Ladies nightie","regular":50,"premium":80,"bulkpack":"--"},
{"item":"Blouse","regular":30,"premium":40,"bulkpack":"--"},
{"item":"Dhothi Single","regular":38,"premium":46,"bulkpack":410},
{"item":"Dothi Double","regular":45,"premium":59,"bulkpack":410},
{"item":"Bed Sheets-Double and Single","regular":45,"premium":"--","bulkpack":400},
{"item":"Kids Cotton Articles upto 10 years","regular":25,"premium":"--","bulkpack":200}

]