{  
   "transaction":"retrieveAssignmentMatrix",
   "status":"success",
   "data":{  
      "numberOfCompanies":"3",
      "numberOfAnalysts":"3",
      "companies":[  
         {  
            "rank":"0",
            "companyName":"AIT - MW",
            "stratums":[  
               {  
                  "rank":"0",
                  "stratumName":"Bus",
                  "statMin":"84",
                  "assignments":[  
                     {  
                        "rank":"0",
                        "id":"13",
                        "name":"Ann Marie",
                        "target":"5"
                     },
                     {  
                        "rank":"1",
                        "id":"15",
                        "name":"Bryan",
                        "target":"-1"
                     },
                     {  
                        "rank":"2",
                        "id":"32",
                        "name":"Chelse",
                        "target":"15"
                     },
                     {  
                        "rank":"3",
                        "id":"12",
                        "name":"Cliff",
                        "target":"25"
                     },
                     {  
                        "rank":"4",
                        "id":"16",
                        "name":"Cory",
                        "target":"29"
                     },
                     {  
                        "rank":"5",
                        "id":"15",
                        "name":"Dan",
                        "target":"40"
                     },
                     {  
                        "rank":"6",
                        "id":"30",
                        "name":"Dave",
                        "target":"295"
                     },
                     {  
                        "rank":"7",
                        "id":"35",
                        "name":"Debbie",
                        "target":"295"
                     },
                     {  
                        "rank":"8",
                        "id":"40",
                        "name":"Donny",
                        "target":"295"
                     },
                     {  
                        "rank":"9",
                        "id":"50",
                        "name":"John F",
                        "target":"45"
                     },
                     {  
                        "rank":"10",
                        "id":"70",
                        "name":"Laura",
                        "target":"12"
                     }
                  ]
               },
               {  
                  "rank":"1",
                  "stratumName":"Con Ret",
                  "statMin":"119",
                  "assignments":[  
                     {  
                        "rank":"0",
                        "id":"13",
                        "name":"Ann Marie",
                        "target":"5"
                     },
                     {  
                        "rank":"1",
                        "id":"15",
                        "name":"Bryan",
                        "target":"0"
                     },
                     {  
                        "rank":"2",
                        "id":"52",
                        "name":"Chelse",
                        "target":"20"
                     },
                     {  
                        "rank":"3",
                        "id":"12",
                        "name":"Cliff",
                        "target":"25"
                     },
                     {  
                        "rank":"4",
                        "id":"16",
                        "name":"Cory",
                        "target":"29"
                     },
                     {  
                        "rank":"5",
                        "id":"15",
                        "name":"Dan",
                        "target":"40"
                     },
                     {  
                        "rank":"6",
                        "id":"30",
                        "name":"Dave",
                        "target":"295"
                     },
                     {  
                        "rank":"7",
                        "id":"35",
                        "name":"Debbie",
                        "target":"295"
                     },
                     {  
                        "rank":"8",
                        "id":"40",
                        "name":"Donny",
                        "target":"295"
                     },
                     {  
                        "rank":"9",
                        "id":"50",
                        "name":"John F",
                        "target":"45"
                     },
                     {  
                        "rank":"10",
                        "id":"70",
                        "name":"Laura",
                        "target":"12"
                     }
                  ]
               },
               {  
                  "rank":"2",
                  "stratumName":"Con UVG",
                  "statMin":"119",
                  "assignments":[  
                     {  
                        "rank":"0",
                        "id":"13",
                        "name":"Ann Marie",
                        "target":"5"
                     },
                     {  
                        "rank":"1",
                        "id":"15",
                        "name":"Bryan",
                        "target":"0"
                     },
                     {  
                        "rank":"2",
                        "id":"52",
                        "name":"Chelse",
                        "target":"20"
                     },
                     {  
                        "rank":"3",
                        "id":"12",
                        "name":"Cliff",
                        "target":"25"
                     },
                     {  
                        "rank":"4",
                        "id":"16",
                        "name":"Cory",
                        "target":"29"
                     },
                     {  
                        "rank":"5",
                        "id":"15",
                        "name":"Dan",
                        "target":"40"
                     },
                     {  
                        "rank":"6",
                        "id":"30",
                        "name":"Dave",
                        "target":"295"
                     },
                     {  
                        "rank":"7",
                        "id":"35",
                        "name":"Debbie",
                        "target":"295"
                     },
                     {  
                        "rank":"8",
                        "id":"40",
                        "name":"Donny",
                        "target":"295"
                     },
                     {  
                        "rank":"9",
                        "id":"50",
                        "name":"John F",
                        "target":"45"
                     },
                     {  
                        "rank":"10",
                        "id":"70",
                        "name":"Laura",
                        "target":"12"
                     }
                  ]
               }
            ]
         },
         {  
            "rank":"1",
            "companyName":"NATL - ATT SVC",
            "stratums":[  
               {  
                  "rank":"0",
                  "stratumName":"Con Ret",
                  "statMin":"119",
                  "assignments":[  
                     {  
                        "rank":"0",
                        "id":"13",
                        "name":"Ann Marie",
                        "target":"5"
                     },
                     {  
                        "rank":"1",
                        "id":"15",
                        "name":"Bryan",
                        "target":"0"
                     },
                     {  
                        "rank":"2",
                        "id":"52",
                        "name":"Chelse",
                        "target":"20"
                     },
                     {  
                        "rank":"3",
                        "id":"12",
                        "name":"Cliff",
                        "target":"25"
                     },
                     {  
                        "rank":"4",
                        "id":"16",
                        "name":"Cory",
                        "target":"29"
                     },
                     {  
                        "rank":"5",
                        "id":"15",
                        "name":"Dan",
                        "target":"40"
                     },
                     {  
                        "rank":"6",
                        "id":"30",
                        "name":"Dave",
                        "target":"295"
                     },
                     {  
                        "rank":"7",
                        "id":"35",
                        "name":"Debbie",
                        "target":"295"
                     },
                     {  
                        "rank":"8",
                        "id":"40",
                        "name":"Donny",
                        "target":"295"
                     },
                     {  
                        "rank":"9",
                        "id":"50",
                        "name":"John F",
                        "target":"45"
                     },
                     {  
                        "rank":"10",
                        "id":"70",
                        "name":"Laura",
                        "target":"12"
                     }
                  ]
               }
            ]
         },
         {  
            "rank":"2",
            "companyName":"NATL Leg T",
            "stratums":[  
               {  
                  "rank":"0",
                  "stratumName":"Con Ret",
                  "statMin":"119",
                  "assignments":[  
                     {  
                        "rank":"0",
                        "id":"13",
                        "name":"Ann Marie",
                        "target":"5"
                     },
                     {  
                        "rank":"1",
                        "id":"15",
                        "name":"Bryan",
                        "target":"0"
                     },
                     {  
                        "rank":"2",
                        "id":"52",
                        "name":"Chelse",
                        "target":"20"
                     },
                     {  
                        "rank":"3",
                        "id":"12",
                        "name":"Cliff",
                        "target":"25"
                     },
                     {  
                        "rank":"4",
                        "id":"16",
                        "name":"Cory",
                        "target":"29"
                     },
                     {  
                        "rank":"5",
                        "id":"15",
                        "name":"Dan",
                        "target":"40"
                     },
                     {  
                        "rank":"6",
                        "id":"30",
                        "name":"Dave",
                        "target":"295"
                     },
                     {  
                        "rank":"7",
                        "id":"35",
                        "name":"Debbie",
                        "target":"295"
                     },
                     {  
                        "rank":"8",
                        "id":"40",
                        "name":"Donny",
                        "target":"295"
                     },
                     {  
                        "rank":"9",
                        "id":"50",
                        "name":"John F",
                        "target":"45"
                     },
                     {  
                        "rank":"10",
                        "id":"70",
                        "name":"Laura",
                        "target":"12"
                     }
                  ]
               }
            ]
         },
         {  
            "rank":"3",
            "companyName":"New Co ISM",
            "stratums":[  
               {  
                  "rank":"0",
                  "stratumName":"Con Ret",
                  "statMin":"119",
                  "assignments":[  
                     {  
                        "rank":"0",
                        "id":"13",
                        "name":"Ann Marie",
                        "target":"5"
                     },
                     {  
                        "rank":"1",
                        "id":"15",
                        "name":"Bryan",
                        "target":"0"
                     },
                     {  
                        "rank":"2",
                        "id":"52",
                        "name":"Chelse",
                        "target":"20"
                     },
                     {  
                        "rank":"3",
                        "id":"12",
                        "name":"Cliff",
                        "target":"25"
                     },
                     {  
                        "rank":"4",
                        "id":"16",
                        "name":"Cory",
                        "target":"29"
                     },
                     {  
                        "rank":"5",
                        "id":"15",
                        "name":"Dan",
                        "target":"40"
                     },
                     {  
                        "rank":"6",
                        "id":"30",
                        "name":"Dave",
                        "target":"295"
                     },
                     {  
                        "rank":"7",
                        "id":"35",
                        "name":"Debbie",
                        "target":"295"
                     },
                     {  
                        "rank":"8",
                        "id":"40",
                        "name":"Donny",
                        "target":"295"
                     },
                     {  
                        "rank":"9",
                        "id":"50",
                        "name":"John F",
                        "target":"45"
                     },
                     {  
                        "rank":"10",
                        "id":"70",
                        "name":"Laura",
                        "target":"12"
                     }
                  ]
               }
            ]
         },
         {  
            "rank":"4",
            "companyName":"PB = W = West",
            "stratums":[  
               {  
                  "rank":"0",
                  "stratumName":"Bus",
                  "statMin":"84",
                  "assignments":[  
                     {  
                        "rank":"0",
                        "id":"13",
                        "name":"Ann Marie",
                        "target":"5"
                     },
                     {  
                        "rank":"1",
                        "id":"15",
                        "name":"Bryan",
                        "target":"-1"
                     },
                     {  
                        "rank":"2",
                        "id":"32",
                        "name":"Chelse",
                        "target":"15"
                     },
                     {  
                        "rank":"3",
                        "id":"12",
                        "name":"Cliff",
                        "target":"25"
                     },
                     {  
                        "rank":"4",
                        "id":"16",
                        "name":"Cory",
                        "target":"29"
                     },
                     {  
                        "rank":"5",
                        "id":"15",
                        "name":"Dan",
                        "target":"40"
                     },
                     {  
                        "rank":"6",
                        "id":"30",
                        "name":"Dave",
                        "target":"295"
                     },
                     {  
                        "rank":"7",
                        "id":"35",
                        "name":"Debbie",
                        "target":"295"
                     },
                     {  
                        "rank":"8",
                        "id":"40",
                        "name":"Donny",
                        "target":"295"
                     },
                     {  
                        "rank":"9",
                        "id":"50",
                        "name":"John F",
                        "target":"45"
                     },
                     {  
                        "rank":"10",
                        "id":"70",
                        "name":"Laura",
                        "target":"12"
                     }
                  ]
               },
               {  
                  "rank":"1",
                  "stratumName":"Con Ret",
                  "statMin":"119",
                  "assignments":[  
                     {  
                        "rank":"0",
                        "id":"13",
                        "name":"Ann Marie",
                        "target":"5"
                     },
                     {  
                        "rank":"1",
                        "id":"15",
                        "name":"Bryan",
                        "target":"0"
                     },
                     {  
                        "rank":"2",
                        "id":"52",
                        "name":"Chelse",
                        "target":"20"
                     },
                     {  
                        "rank":"3",
                        "id":"12",
                        "name":"Cliff",
                        "target":"25"
                     },
                     {  
                        "rank":"4",
                        "id":"16",
                        "name":"Cory",
                        "target":"29"
                     },
                     {  
                        "rank":"5",
                        "id":"15",
                        "name":"Dan",
                        "target":"40"
                     },
                     {  
                        "rank":"6",
                        "id":"30",
                        "name":"Dave",
                        "target":"295"
                     },
                     {  
                        "rank":"7",
                        "id":"35",
                        "name":"Debbie",
                        "target":"295"
                     },
                     {  
                        "rank":"8",
                        "id":"40",
                        "name":"Donny",
                        "target":"295"
                     },
                     {  
                        "rank":"9",
                        "id":"50",
                        "name":"John F",
                        "target":"45"
                     },
                     {  
                        "rank":"10",
                        "id":"70",
                        "name":"Laura",
                        "target":"12"
                     }
                  ]
               },
               {  
                  "rank":"2",
                  "stratumName":"Con UVG",
                  "statMin":"119",
                  "assignments":[  
                     {  
                        "rank":"0",
                        "id":"13",
                        "name":"Ann Marie",
                        "target":"5"
                     },
                     {  
                        "rank":"1",
                        "id":"15",
                        "name":"Bryan",
                        "target":"0"
                     },
                     {  
                        "rank":"2",
                        "id":"52",
                        "name":"Chelse",
                        "target":"20"
                     },
                     {  
                        "rank":"3",
                        "id":"12",
                        "name":"Cliff",
                        "target":"25"
                     },
                     {  
                        "rank":"4",
                        "id":"16",
                        "name":"Cory",
                        "target":"29"
                     },
                     {  
                        "rank":"5",
                        "id":"15",
                        "name":"Dan",
                        "target":"40"
                     },
                     {  
                        "rank":"6",
                        "id":"30",
                        "name":"Dave",
                        "target":"295"
                     },
                     {  
                        "rank":"7",
                        "id":"35",
                        "name":"Debbie",
                        "target":"295"
                     },
                     {  
                        "rank":"8",
                        "id":"40",
                        "name":"Donny",
                        "target":"295"
                     },
                     {  
                        "rank":"9",
                        "id":"50",
                        "name":"John F",
                        "target":"45"
                     },
                     {  
                        "rank":"10",
                        "id":"70",
                        "name":"Laura",
                        "target":"12"
                     }
                  ]
               }
            ]
         },
         {  
            "rank":"5",
            "companyName":"SE = Southeast",
            "stratums":[  
               {  
                  "rank":"0",
                  "stratumName":"Bus",
                  "statMin":"84",
                  "assignments":[  
                     {  
                        "rank":"0",
                        "id":"13",
                        "name":"Ann Marie",
                        "target":"5"
                     },
                     {  
                        "rank":"1",
                        "id":"15",
                        "name":"Bryan",
                        "target":"-1"
                     },
                     {  
                        "rank":"2",
                        "id":"32",
                        "name":"Chelse",
                        "target":"15"
                     },
                     {  
                        "rank":"3",
                        "id":"12",
                        "name":"Cliff",
                        "target":"25"
                     },
                     {  
                        "rank":"4",
                        "id":"16",
                        "name":"Cory",
                        "target":"29"
                     },
                     {  
                        "rank":"5",
                        "id":"15",
                        "name":"Dan",
                        "target":"40"
                     },
                     {  
                        "rank":"6",
                        "id":"30",
                        "name":"Dave",
                        "target":"295"
                     },
                     {  
                        "rank":"7",
                        "id":"35",
                        "name":"Debbie",
                        "target":"295"
                     },
                     {  
                        "rank":"8",
                        "id":"40",
                        "name":"Donny",
                        "target":"295"
                     },
                     {  
                        "rank":"9",
                        "id":"50",
                        "name":"John F",
                        "target":"45"
                     },
                     {  
                        "rank":"10",
                        "id":"70",
                        "name":"Laura",
                        "target":"12"
                     }
                  ]
               },
               {  
                  "rank":"1",
                  "stratumName":"Con Ret",
                  "statMin":"119",
                  "assignments":[  
                     {  
                        "rank":"0",
                        "id":"13",
                        "name":"Ann Marie",
                        "target":"5"
                     },
                     {  
                        "rank":"1",
                        "id":"15",
                        "name":"Bryan",
                        "target":"0"
                     },
                     {  
                        "rank":"2",
                        "id":"52",
                        "name":"Chelse",
                        "target":"20"
                     },
                     {  
                        "rank":"3",
                        "id":"12",
                        "name":"Cliff",
                        "target":"25"
                     },
                     {  
                        "rank":"4",
                        "id":"16",
                        "name":"Cory",
                        "target":"29"
                     },
                     {  
                        "rank":"5",
                        "id":"15",
                        "name":"Dan",
                        "target":"40"
                     },
                     {  
                        "rank":"6",
                        "id":"30",
                        "name":"Dave",
                        "target":"295"
                     },
                     {  
                        "rank":"7",
                        "id":"35",
                        "name":"Debbie",
                        "target":"295"
                     },
                     {  
                        "rank":"8",
                        "id":"40",
                        "name":"Donny",
                        "target":"295"
                     },
                     {  
                        "rank":"9",
                        "id":"50",
                        "name":"John F",
                        "target":"45"
                     },
                     {  
                        "rank":"10",
                        "id":"70",
                        "name":"Laura",
                        "target":"12"
                     }
                  ]
               },
               {  
                  "rank":"2",
                  "stratumName":"Con UVG",
                  "statMin":"119",
                  "assignments":[  
                     {  
                        "rank":"0",
                        "id":"13",
                        "name":"Ann Marie",
                        "target":"5"
                     },
                     {  
                        "rank":"1",
                        "id":"15",
                        "name":"Bryan",
                        "target":"0"
                     },
                     {  
                        "rank":"2",
                        "id":"52",
                        "name":"Chelse",
                        "target":"20"
                     },
                     {  
                        "rank":"3",
                        "id":"12",
                        "name":"Cliff",
                        "target":"25"
                     },
                     {  
                        "rank":"4",
                        "id":"16",
                        "name":"Cory",
                        "target":"29"
                     },
                     {  
                        "rank":"5",
                        "id":"15",
                        "name":"Dan",
                        "target":"40"
                     },
                     {  
                        "rank":"6",
                        "id":"30",
                        "name":"Dave",
                        "target":"295"
                     },
                     {  
                        "rank":"7",
                        "id":"35",
                        "name":"Debbie",
                        "target":"295"
                     },
                     {  
                        "rank":"8",
                        "id":"40",
                        "name":"Donny",
                        "target":"295"
                     },
                     {  
                        "rank":"9",
                        "id":"50",
                        "name":"John F",
                        "target":"45"
                     },
                     {  
                        "rank":"10",
                        "id":"70",
                        "name":"Laura",
                        "target":"12"
                     }
                  ]
               }
            ]
         },
         {  
            "rank":"6",
            "companyName":"SWBT = SW = Southwest",
            "stratums":[  
               {  
                  "rank":"0",
                  "stratumName":"Bus",
                  "statMin":"84",
                  "assignments":[  
                     {  
                        "rank":"0",
                        "id":"13",
                        "name":"Ann Marie",
                        "target":"5"
                     },
                     {  
                        "rank":"1",
                        "id":"15",
                        "name":"Bryan",
                        "target":"-1"
                     },
                     {  
                        "rank":"2",
                        "id":"32",
                        "name":"Chelse",
                        "target":"15"
                     },
                     {  
                        "rank":"3",
                        "id":"12",
                        "name":"Cliff",
                        "target":"25"
                     },
                     {  
                        "rank":"4",
                        "id":"16",
                        "name":"Cory",
                        "target":"29"
                     },
                     {  
                        "rank":"5",
                        "id":"15",
                        "name":"Dan",
                        "target":"40"
                     },
                     {  
                        "rank":"6",
                        "id":"30",
                        "name":"Dave",
                        "target":"295"
                     },
                     {  
                        "rank":"7",
                        "id":"35",
                        "name":"Debbie",
                        "target":"295"
                     },
                     {  
                        "rank":"8",
                        "id":"40",
                        "name":"Donny",
                        "target":"295"
                     },
                     {  
                        "rank":"9",
                        "id":"50",
                        "name":"John F",
                        "target":"45"
                     },
                     {  
                        "rank":"10",
                        "id":"70",
                        "name":"Laura",
                        "target":"12"
                     }
                  ]
               },
               {  
                  "rank":"1",
                  "stratumName":"Con Ret",
                  "statMin":"119",
                  "assignments":[  
                     {  
                        "rank":"0",
                        "id":"13",
                        "name":"Ann Marie",
                        "target":"5"
                     },
                     {  
                        "rank":"1",
                        "id":"15",
                        "name":"Bryan",
                        "target":"0"
                     },
                     {  
                        "rank":"2",
                        "id":"52",
                        "name":"Chelse",
                        "target":"20"
                     },
                     {  
                        "rank":"3",
                        "id":"12",
                        "name":"Cliff",
                        "target":"25"
                     },
                     {  
                        "rank":"4",
                        "id":"16",
                        "name":"Cory",
                        "target":"29"
                     },
                     {  
                        "rank":"5",
                        "id":"15",
                        "name":"Dan",
                        "target":"40"
                     },
                     {  
                        "rank":"6",
                        "id":"30",
                        "name":"Dave",
                        "target":"295"
                     },
                     {  
                        "rank":"7",
                        "id":"35",
                        "name":"Debbie",
                        "target":"295"
                     },
                     {  
                        "rank":"8",
                        "id":"40",
                        "name":"Donny",
                        "target":"295"
                     },
                     {  
                        "rank":"9",
                        "id":"50",
                        "name":"John F",
                        "target":"45"
                     },
                     {  
                        "rank":"10",
                        "id":"70",
                        "name":"Laura",
                        "target":"12"
                     }
                  ]
               },
               {  
                  "rank":"2",
                  "stratumName":"Con UVG",
                  "statMin":"119",
                  "assignments":[  
                     {  
                        "rank":"0",
                        "id":"13",
                        "name":"Ann Marie",
                        "target":"5"
                     },
                     {  
                        "rank":"1",
                        "id":"15",
                        "name":"Bryan",
                        "target":"0"
                     },
                     {  
                        "rank":"2",
                        "id":"52",
                        "name":"Chelse",
                        "target":"20"
                     },
                     {  
                        "rank":"3",
                        "id":"12",
                        "name":"Cliff",
                        "target":"25"
                     },
                     {  
                        "rank":"4",
                        "id":"16",
                        "name":"Cory",
                        "target":"29"
                     },
                     {  
                        "rank":"5",
                        "id":"15",
                        "name":"Dan",
                        "target":"40"
                     },
                     {  
                        "rank":"6",
                        "id":"30",
                        "name":"Dave",
                        "target":"295"
                     },
                     {  
                        "rank":"7",
                        "id":"35",
                        "name":"Debbie",
                        "target":"295"
                     },
                     {  
                        "rank":"8",
                        "id":"40",
                        "name":"Donny",
                        "target":"295"
                     },
                     {  
                        "rank":"9",
                        "id":"50",
                        "name":"John F",
                        "target":"45"
                     },
                     {  
                        "rank":"10",
                        "id":"70",
                        "name":"Laura",
                        "target":"12"
                     }
                  ]
               }
            ]
         },
         {  
            "rank":"7",
            "companyName":"Vendor",
            "stratums":[  
               {  
                  "rank":"0",
                  "stratumName":"Bus",
                  "statMin":"84",
                  "assignments":[  
                     {  
                        "rank":"0",
                        "id":"13",
                        "name":"Ann Marie",
                        "target":"5"
                     },
                     {  
                        "rank":"1",
                        "id":"15",
                        "name":"Bryan",
                        "target":"-1"
                     },
                     {  
                        "rank":"2",
                        "id":"32",
                        "name":"Chelse",
                        "target":"15"
                     },
                     {  
                        "rank":"3",
                        "id":"12",
                        "name":"Cliff",
                        "target":"25"
                     },
                     {  
                        "rank":"4",
                        "id":"16",
                        "name":"Cory",
                        "target":"29"
                     },
                     {  
                        "rank":"5",
                        "id":"15",
                        "name":"Dan",
                        "target":"40"
                     },
                     {  
                        "rank":"6",
                        "id":"30",
                        "name":"Dave",
                        "target":"295"
                     },
                     {  
                        "rank":"7",
                        "id":"35",
                        "name":"Debbie",
                        "target":"295"
                     },
                     {  
                        "rank":"8",
                        "id":"40",
                        "name":"Donny",
                        "target":"295"
                     },
                     {  
                        "rank":"9",
                        "id":"50",
                        "name":"John F",
                        "target":"45"
                     },
                     {  
                        "rank":"10",
                        "id":"70",
                        "name":"Laura",
                        "target":"12"
                     }
                  ]
               },
               {  
                  "rank":"1",
                  "stratumName":"Con Ret",
                  "statMin":"119",
                  "assignments":[  
                     {  
                        "rank":"0",
                        "id":"13",
                        "name":"Ann Marie",
                        "target":"5"
                     },
                     {  
                        "rank":"1",
                        "id":"15",
                        "name":"Bryan",
                        "target":"0"
                     },
                     {  
                        "rank":"2",
                        "id":"52",
                        "name":"Chelse",
                        "target":"20"
                     },
                     {  
                        "rank":"3",
                        "id":"12",
                        "name":"Cliff",
                        "target":"25"
                     },
                     {  
                        "rank":"4",
                        "id":"16",
                        "name":"Cory",
                        "target":"29"
                     },
                     {  
                        "rank":"5",
                        "id":"15",
                        "name":"Dan",
                        "target":"40"
                     },
                     {  
                        "rank":"6",
                        "id":"30",
                        "name":"Dave",
                        "target":"295"
                     },
                     {  
                        "rank":"7",
                        "id":"35",
                        "name":"Debbie",
                        "target":"295"
                     },
                     {  
                        "rank":"8",
                        "id":"40",
                        "name":"Donny",
                        "target":"295"
                     },
                     {  
                        "rank":"9",
                        "id":"50",
                        "name":"John F",
                        "target":"45"
                     },
                     {  
                        "rank":"10",
                        "id":"70",
                        "name":"Laura",
                        "target":"12"
                     }
                  ]
               }
            ]
         }
      ],
      "analysts":[  
         {  
            "rank":"0",
            "analystId":"13",
            "analystName":"Ann Marie",
            "max":"140"
         },
         {  
            "rank":"1",
            "analystId":"15",
            "analystName":"Bryan",
            "max":"40"
         },
         {  
            "rank":"2",
            "analystId":"52",
            "analystName":"Chelse",
            "max":"295"
         },
         {  
            "rank":"3",
            "analystId":"12",
            "analystName":"Cliff",
            "max":"25"
         },
         {  
            "rank":"4",
            "analystId":"16",
            "analystName":"Cory",
            "max":"29"
         },
         {  
            "rank":"5",
            "analystId":"15",
            "analystName":"Dan",
            "max":"40"
         },
         {  
            "rank":"6",
            "analystId":"30",
            "analystName":"Dave",
            "max":"295"
         },
         {  
            "rank":"7",
            "analystId":"35",
            "analystName":"Debbie",
            "max":"295"
         },
         {  
            "rank":"8",
            "analystId":"40",
            "analystName":"Donny",
            "max":"295"
         },
         {  
            "rank":"9",
            "analystId":"50",
            "analystName":"John F",
            "max":"45"
         },
         {  
            "rank":"10",
            "analystId":"70",
            "analystName":"Laura",
            "max":"12"
         }
      ]
   }
}