{
    "company": "ATT - Midwest",
    "sampleMonthRequested": "1/1/2016",
    "auditFrom": {
        "date": "1/14/2016",
        "refId": "52141546",
        "id": "52"
    },
    "auditTo": {
        "date": "1/20/2016",
        "refId": "52201738",
        "id": "52"
    },
    "employeeDetails": [
        {
            "sampleRefNo": "52141546",
            "employeeName": "VIRDEN, DAVID C - Gbl-1",
            "sampleDate": "1/14/2016",
            "startum": "Business",
            "occNo": "4",
            "productNo": "212",
            "productName": "Billing Related Other",
            "productSeconds": "99",
            "disposition": "Inquiry",
            "orderType": "Inq"
},
        {
            "sampleRefNo": "52141546",
            "employeeName": "VIRDEN, DAVID C - Gbl-1",
            "sampleDate": "1/14/2016",
            "startum": "Business",
            "occNo": "6",
            "productNo": "212",
            "productName": "Billing Related Other",
            "productSeconds": "232",
            "disposition": "Inquiry",
            "orderType": "Inq"
},
        {
            "sampleRefNo": "52141546",
            "employeeName": "VIRDEN, DAVID C - Gbl-1",
            "sampleDate": "1/14/2016",
            "startum": "Business",
            "occNo": "10",
            "productNo": "212",
            "productName": "Billing Related Other",
            "productSeconds": "280",
            "disposition": "Inquiry",
            "orderType": "Inq"
},
        {
            "sampleRefNo": "52141546",
            "employeeName": "VIRDEN, DAVID C - Gbl-1",
            "sampleDate": "1/14/2016",
            "startum": "Business",
            "occNo": "4",
            "productNo": "305",
            "productName": "Boss Notes",
            "productSeconds": "35",
            "disposition": "",
            "orderType": "Inq"
},
        {
            "sampleRefNo": "52141546",
            "employeeName": "VIRDEN, DAVID C - Gbl-1",
            "sampleDate": "1/14/2016",
            "startum": "Business",
            "occNo": "8",
            "productNo": "716",
            "productName": "Bus Access Ln CS",
            "productSeconds": "49",
            "disposition": "Inquiry",
            "orderType": "Inq"
},
        {
            "sampleRefNo": "52141546",
            "employeeName": "VIRDEN, DAVID C - Gbl-1",
            "sampleDate": "1/14/2016",
            "startum": "Business",
            "occNo": "12",
            "productNo": "716",
            "productName": "Bus Access Ln CS",
            "productSeconds": "257",
            "disposition": "Inquiry",
            "orderType": "Inq"
},
        {
            "sampleRefNo": "52141546",
            "employeeName": "VIRDEN, DAVID C - Gbl-1",
            "sampleDate": "1/14/2016",
            "startum": "Business",
            "occNo": "10",
            "productNo": "716",
            "productName": "Bus Access Ln CS",
            "productSeconds": "26",
            "disposition": "Inquiry",
            "orderType": "Inq"
},
        {
            "sampleRefNo": "52141546",
            "employeeName": "VIRDEN, DAVID C - Gbl-1",
            "sampleDate": "1/14/2016",
            "startum": "Business",
            "occNo": "2",
            "productNo": "716",
            "productName": "Bus Access Ln CS",
            "productSeconds": "24",
            "disposition": "Referred",
            "orderType": "Inq"
},
        {
            "sampleRefNo": "52141546",
            "employeeName": "VIRDEN, DAVID C - Gbl-1",
            "sampleDate": "1/14/2016",
            "startum": "Business",
            "occNo": "4",
            "productNo": "716",
            "productName": "Bus Access Ln CS",
            "productSeconds": "227",
            "disposition": "Inquiry",
            "orderType": "Inq"
},
        {
            "sampleRefNo": "52141546",
            "employeeName": "VIRDEN, DAVID C - Gbl-1",
            "sampleDate": "1/14/2016",
            "startum": "Business",
            "occNo": "12",
            "productNo": "300",
            "productName": "Customer Information",
            "productSeconds": "19",
            "disposition": "",
            "orderType": "Inq"
},
        {
            "sampleRefNo": "52141546",
            "employeeName": "VIRDEN, DAVID C - Gbl-1",
            "sampleDate": "1/14/2016",
            "startum": "Business",
            "occNo": "10",
            "productNo": "300",
            "productName": "Customer Information",
            "productSeconds": "88",
            "disposition": "",
            "orderType": "Inq"
},
        {
            "sampleRefNo": "52141546",
            "employeeName": "VIRDEN, DAVID C - Gbl-1",
            "sampleDate": "1/14/2016",
            "startum": "Business",
            "occNo": "8",
            "productNo": "300",
            "productName": "Customer Information",
            "productSeconds": "60",
            "disposition": "",
            "orderType": "Inq"
},
        {
            "sampleRefNo": "52141546",
            "employeeName": "VIRDEN, DAVID C - Gbl-1",
            "sampleDate": "1/14/2016",
            "startum": "Business",
            "occNo": "4",
            "productNo": "300",
            "productName": "Customer Information",
            "productSeconds": "205",
            "disposition": "",
            "orderType": "Inq"
},
        {
            "sampleRefNo": "52141546",
            "employeeName": "VIRDEN, DAVID C - Gbl-1",
            "sampleDate": "1/14/2016",
            "startum": "Business",
            "occNo": "2",
            "productNo": "300",
            "productName": "Customer Information",
            "productSeconds": "46",
            "disposition": "",
            "orderType": "Inq"
},
        {
            "sampleRefNo": "52141546",
            "employeeName": "VIRDEN, DAVID C - Gbl-1",
            "sampleDate": "1/14/2016",
            "startum": "Business",
            "occNo": "10",
            "productNo": "240",
            "productName": "Greeting/Closing",
            "productSeconds": "34",
            "disposition": "Inquiry",
            "orderType": "Inq"
},
        {
            "sampleRefNo": "52141546",
            "employeeName": "VIRDEN, DAVID C - Gbl-1",
            "sampleDate": "1/14/2016",
            "startum": "Business",
            "occNo": "6",
            "productNo": "240",
            "productName": "Greeting/Closing",
            "productSeconds": "16",
            "disposition": "Inquiry",
            "orderType": "Inq"
},
        {
            "sampleRefNo": "52141546",
            "employeeName": "VIRDEN, DAVID C - Gbl-1",
            "sampleDate": "1/14/2016",
            "startum": "Business",
            "occNo": "8",
            "productNo": "240",
            "productName": "Greeting/Closing",
            "productSeconds": "18",
            "disposition": "Inquiry",
            "orderType": "Inq"
},
        {
            "sampleRefNo": "52141546",
            "employeeName": "VIRDEN, DAVID C - Gbl-1",
            "sampleDate": "1/14/2016",
            "startum": "Business",
            "occNo": "4",
            "productNo": "240",
            "productName": "Greeting/Closing",
            "productSeconds": "37",
            "disposition": "",
            "orderType": "Inq"
},
        {
            "sampleRefNo": "52141546",
            "employeeName": "VIRDEN, DAVID C - Gbl-1",
            "sampleDate": "1/14/2016",
            "startum": "Business",
            "occNo": "2",
            "productNo": "240",
            "productName": "Greeting/Closing",
            "productSeconds": "8",
            "disposition": "Inquiry",
            "orderType": "Inq"
},
        {
            "sampleRefNo": "52141546",
            "employeeName": "VIRDEN, DAVID C - Gbl-1",
            "sampleDate": "1/14/2016",
            "startum": "Business",
            "occNo": "12",
            "productNo": "240",
            "productName": "Greeting/Closing",
            "productSeconds": "69",
            "disposition": "Inquiry",
            "orderType": "Inq"
},
        {
            "sampleRefNo": "52141546",
            "employeeName": "VIRDEN, DAVID C - Gbl-1",
            "sampleDate": "1/14/2016",
            "startum": "Business",
            "occNo": "5",
            "productNo": "502",
            "productName": "Off Line",
            "productSeconds": "19",
            "disposition": "Inquiry",
            "orderType": ""
},
        {
            "sampleRefNo": "52141546",
            "employeeName": "VIRDEN, DAVID C - Gbl-1",
            "sampleDate": "1/14/2016",
            "startum": "Business",
            "occNo": "1",
            "productNo": "502",
            "productName": "Off Line",
            "productSeconds": "206",
            "disposition": "Referred",
            "orderType": ""
},
        {
            "sampleRefNo": "52141546",
            "employeeName": "VIRDEN, DAVID C - Gbl-1",
            "sampleDate": "1/14/2016",
            "startum": "Business",
            "occNo": "7",
            "productNo": "502",
            "productName": "Off Line",
            "productSeconds": "137",
            "disposition": "Inquiry",
            "orderType": ""
},
        {
            "sampleRefNo": "52141546",
            "employeeName": "VIRDEN, DAVID C - Gbl-1",
            "sampleDate": "1/14/2016",
            "startum": "Business",
            "occNo": "11",
            "productNo": "502",
            "productName": "Off Line",
            "productSeconds": "42",
            "disposition": "",
            "orderType": ""
},
        {
            "sampleRefNo": "52141546",
            "employeeName": "VIRDEN, DAVID C - Gbl-1",
            "sampleDate": "1/14/2016",
            "startum": "Business",
            "occNo": "9",
            "productNo": "502",
            "productName": "Off Line",
            "productSeconds": "107",
            "disposition": "",
            "orderType": ""
},
        {
            "sampleRefNo": "52141546",
            "employeeName": "VIRDEN, DAVID C - Gbl-1",
            "sampleDate": "1/14/2016",
            "startum": "Business",
            "occNo": "13",
            "productNo": "502",
            "productName": "Off Line",
            "productSeconds": "19",
            "disposition": "",
            "orderType": ""
},
        {
            "sampleRefNo": "52141546",
            "employeeName": "VIRDEN, DAVID C - Gbl-1",
            "sampleDate": "1/14/2016",
            "startum": "Business",
            "occNo": "3",
            "productNo": "502",
            "productName": "Off Line",
            "productSeconds": "1121",
            "disposition": "",
            "orderType": ""
},
        {
            "sampleRefNo": "52141546",
            "employeeName": "VIRDEN, DAVID C - Gbl-1",
            "sampleDate": "1/14/2016",
            "startum": "Business",
            "occNo": "4",
            "productNo": "205",
            "productName": "Other Common",
            "productSeconds": "26",
            "disposition": "",
            "orderType": "Inq"
}
]

}