[{
"Sample_Month":"Jan",
"Sample_Month":"Jan",
"Social_Sec_no (as per new requirement it should be ReferrenceNo)":"",
"Company":"",
"PDSDate":"",
"Sample_id_number":"",
"Sequence":"",
"Employee_name":"",
"Invalid_samples":"",
"RC":"",
"Stratum":"",
"Market_segment":"",
"Job_Title_code":"",
"Title":"",
"CLCC_Code":"",
"Work_Sheet":"",
"Room":"",
"Work_city":"",
"Office":"",
"Recording_type":"",
"Work_Telephone_no":"",
"Super_Position_id":"",
"Supervisor_Name":"",
"Supervisor_phone_no":"",
"Mgr_name":"",
"Mgr_Phone":"",
"Dominant_Function_code":"",
"Analyst_Name":"",
"Analyst_id":"",
"Sample_date":"",
"Head_set":"",
"Work_start_time":"",
"Work_stope_time":"",
"Work_seconds":"",
"Sample_pause_secs":"",
"Date_to_master":"",
"Status":"",
"Language":""
},
{
"Sample_Month":"March",
"Social_Sec_no (as per new requirement it should be ReferrenceNo)":"",
"Company":"",
"PDSDate":"",
"Sample_id_number":"",
"Sequence":"",
"Employee_name":"",
"Invalid_samples":"",
"RC":"",
"Stratum":"",
"Market_segment":"",
"Job_Title_code":"",
"Title":"",
"CLCC_Code":"",
"Work_Sheet":"",
"Room":"",
"Work_city":"",
"Office":"",
"Recording_type":"",
"Work_Telephone_no":"",
"Super_Position_id":"",
"Supervisor_Name":"",
"Supervisor_phone_no":"",
"Mgr_name":"",
"Mgr_Phone":"",
"Dominant_Function_code":"",
"Analyst_Name":"",
"Analyst_id":"",
"Sample_date":"",
"Head_set":"",
"Work_start_time":"",
"Work_stope_time":"",
"Work_seconds":"",
"Sample_pause_secs":"",
"Date_to_master":"",
"Status":"",
"Language":""
}
]