[

	{
		"company":"AIT",
		"salaryBand":"Consumer Product Spec",
		"jobKey":"1500178",
		"dominantFunction":"2202"
	},
	{
		"company":"AIT",
		"salaryBand":"Consumer Product Spec",
		"jobKey":"1500178",
		"dominantFunction":"2206"
	},
	{
		"company":"AIT",
		"salaryBand":"Consumer Product Spec",
		"jobKey":"1500178",
		"dominantFunction":"2304"
	},
	{
		"company":"AIT",
		"salaryBand":"Consumer Product Spec",
		"jobKey":"1500178",
		"dominantFunction":"2393"
	},
	{
		"company":"AIT",
		"salaryBand":"Cust Cons-Consumer",
		"jobKey":"1500274",
		"dominantFunction":"2360"
	},
	{
		"company":"AIT",
		"salaryBand":"Cust Cons-Consumer",
		"jobKey":"1500274",
		"dominantFunction":"2360"
	},
	{
		"company":"AIT",
		"salaryBand":"Cust Cons-Consumer",
		"jobKey":"1500274",
		"dominantFunction":"2360"
	}
]