[
{
"lookupName":"Mary",
"lookupValue":"Mary_1",
"displayValue":"Mary",
"value1":1,
"value2":2,
"value3":3,
"value4":4,
"value5":5,
"activeFlag":"Active",
"createdBy":"Jeff",
"createdDate":"05/09/2016",
"modifiedBy":"Jeff",
"modifiedDate":"05/09/2016"
},
{
"lookupName":"Mark",
"lookupValue":"Mark_1",
"displayValue":"Mark",
"value1":1,
"value2":2,
"value3":3,
"value4":4,
"value5":5,
"activeFlag":"Active",
"createdBy":"Jeff",
"createdDate":"05/09/2016",
"modifiedBy":"Jeff",
"modifiedDate":"05/09/2016"
},
{
"lookupName":"Mary",
"lookupValue":"Mary_1",
"displayValue":"Mark",
"value1":1,
"value2":2,
"value3":3,
"value4":4,
"value5":5,
"activeFlag":"Active",
"createdBy":"Jeff",
"createdDate":"05/09/2016",
"modifiedBy":"Jeff",
"modifiedDate":"05/09/2016"
},
{
"lookupName":"Mary",
"lookupValue":"Mary_1",
"displayValue":"Mary",
"value1":1,
"value2":2,
"value3":3,
"value4":4,
"value5":5,
"activeFlag":"Active",
"createdBy":"Jeff",
"createdDate":"05/09/2016",
"modifiedBy":"Jeff",
"modifiedDate":"05/09/2016"
},{
"lookupName":"Mary",
"lookupValue":"Mary_1",
"displayValue":"Mary",
"value1":1,
"value2":2,
"value3":3,
"value4":4,
"value5":5,
"activeFlag":"Active",
"createdBy":"Jeff",
"createdDate":"05/12/2015",
"modifiedBy":"Jeff",
"modifiedDate":"05/12/2016"
},{
"lookupName":"Mary",
"lookupValue":"Mary_1",
"displayValue":"Mary",
"value1":1,
"value2":2,
"value3":3,
"value4":4,
"value5":5,
"activeFlag":"Active",
"createdBy":"Jeff",
"createdDate":"05/08/2016",
"modifiedBy":"Jeff",
"modifiedDate":"05/09/2016"
},{
"lookupName":"Mary",
"lookupValue":"Mary_1",
"displayValue":"Mary",
"value1":1,
"value2":2,
"value3":3,
"value4":4,
"value5":5,
"activeFlag":"Active",
"createdBy":"Jeff",
"createdDate":"05/01/2016",
"modifiedBy":"Jeff",
"modifiedDate":"05/12/2016"
},{
"lookupName":"Mary",
"lookupValue":"Mary_1",
"displayValue":"Mary",
"value1":1,
"value2":2,
"value3":3,
"value4":4,
"value5":5,
"activeFlag":"Active",
"createdBy":"Jeff",
"createdDate":"05/02/2016",
"modifiedBy":"Jeff",
"modifiedDate":"05/12/2016"
}

]