{
	"requesttable":[
		{"id":"1", "name":"Papaiah","userid":"pikkurth","submitdate":"5/11/2016","startdate":"5/11/2016","enddate":"12/11/2016","status":"Success"},
		{"id":"2", "name":"Geetha","userid":"reddmy","submitdate":"5/10/2016","startdate":"5/10/2016","enddate":"12/10/2016","status":"Success"},
		{"id":"3", "name":"Priyanka","userid":"Priyanka","submitdate":"5/9/2016","startdate":"5/9/2016","enddate":"12/9/2016","status":"Success"},
		{"id":"4", "name":"theeran","userid":"theeran","submitdate":"5/9/2016","startdate":"5/9/2016","enddate":"12/9/2016","status":"Success"},
		{"id":"5", "name":"Gaurav","userid":"Gaurav","submitdate":"5/9/2016","startdate":"5/9/2016","enddate":"12/9/2016","status":"Success"},
		{"id":"6", "name":"Krishna","userid":"Krishna","submitdate":"5/9/2016","startdate":"5/9/2016","enddate":"12/9/2016","status":"Success"},
		{"id":"7", "name":"test","userid":"test","submitdate":"5/11/2015","startdate":"5/11/2015","enddate":"12/11/2016","status":"Failed"}
	],
	"processlogtable":[
		{"batchid":"1025", "processid":"Process Log Id 1","name":"Procedure Name 1","description":"Description test 1","date":"5/11/2016"},
		{"batchid":"1026", "processid":"Process Log Id 2","name":"Procedure Name 2","description":"Description test 2","date":"5/12/2016"},
		{"batchid":"1027", "processid":"Process Log Id 3","name":"Procedure Name 3","description":"Description test 3","date":"5/13/2016"},
		{"batchid":"1028", "processid":"Process Log Id 4","name":"Procedure Name 4","description":"Description test 4","date":"5/14/2016"}
	],
	"errorlog":[
		{"processid":"1", "errorid":"Error Id 1","level":"Level 1","description":"Description test 1","date":"5/15/2016"},
		{"processid":"2", "errorid":"Error Id 2","level":"Level 2","description":"Description test 2","date":"5/16/2016"},
		{"processid":"3", "errorid":"Error Id 3","level":"Level 3","description":"Description test 3","date":"5/17/2016"},
		{"processid":"4", "errorid":"Error Id 4","level":"Level 4","description":"Description test 4","date":"5/18/2016"}
	]
}
