﻿[
  {
    "productNumber": 903,
    "abcProductNumber": null,
    "productName": "ANIRA CS",
    "singleButtonNumber": null,
    "validType": "Inquiry;PreInstall;Post X;X;Referred",
    "validTypeD": "Inquiry;PreInstall;Post X;X;Referred",
    "validTypeInq": "Inquiry;PreInstall;Post X;Referred",
    "quanTityFlag": "2",
    "boGroups": null,
    "regulatoryType": "A",
    "regulatoryDesc": "Affiliate",
    "resBusFlag": "Bus",
    "help": "AT&T Network Based IP VPN Remote Access provides access to corporate network resources, Internet, e-mail, and other critical business applications residing on the Customers High Speed Packet or MPLS network via a dial-up, wireless, DSL, or 3rd party. (AT&T Corp) (Billing: AT&T Billing & Collections)",
    "billing": "0",
    "inactive": "1",
    "archiveDate": null
  },
  {
    "productNumber": 904,
    "abcProductNumber": null,
    "productName": "ANIRA Fill",
    "singleButtonNumber": null,
    "validType": "Sale New;Sale Oth;TF",
    "validTypeD": null,
    "validTypeInq": null,
    "quanTityFlag": "2",
    "boGroups": null,
    "regulatoryType": "A",
    "regulatoryDesc": "Affiliate",
    "resBusFlag": "Bus",
    "help": "AT&T Network Based IP VPN Remote Access provides access to corporate network resources, Internet, e-mail, and other critical business applications residing on the Customers High Speed Packet or MPLS network via a dial-up, wireless, DSL, or 3rd party. (AT&T Corp) (Billing: AT&T Billing & Collections)",
    "billing": "0",
    "inactive": "0",
    "archiveDate": null
  },
  {
    "productNumber": 770,
    "abcProductNumber": null,
    "productName": "ATM NonTelco CS",
    "singleButtonNumber": null,
    "validType": "Inquiry;PreInstall;Post X;X;Referred",
    "validTypeD": "Inquiry;PreInstall;Post X;X;Referred",
    "validTypeInq": "Inquiry;PreInstall;Post X;Referred",
    "quanTityFlag": "2",
    "boGroups": null,
    "regulatoryType": "A",
    "regulatoryDesc": "Affiliate",
    "resBusFlag": "Bus",
    "help": "Asynchronous Transfer Mode services; high-speed digital access. ATT Corp, SBCLD, SNETLD, BSLD.",
    "billing": "0",
    "inactive": "0",
    "archiveDate": null
  },
  {
    "productNumber": 771,
    "abcProductNumber": null,
    "productName": "ATM NonTelco Fill",
    "singleButtonNumber": null,
    "validType": "Sale New;Sale Oth;TF",
    "validTypeD": null,
    "validTypeInq": null,
    "quanTityFlag": "2",
    "boGroups": null,
    "regulatoryType": "A",
    "regulatoryDesc": "Affiliate",
    "resBusFlag": "Bus",
    "help": "Asynchronous Transfer Mode services; high-speed digital access. ATT Corp, SBCLD, SNETLD, BSLD.",
    "billing": "0",
    "inactive": "0",
    "archiveDate": null
  },
  {
    "productNumber": 849,
    "abcProductNumber": null,
    "productName": "ATM Telco CS",
    "singleButtonNumber": null,
    "validType": "Inquiry;PreInstall;Post X;X;Referred",
    "validTypeD": "Inquiry;PreInstall;Post X;X;Referred",
    "validTypeInq": "Inquiry;PreInstall;Post X;Referred",
    "quanTityFlag": "2",
    "boGroups": null,
    "regulatoryType": "TA",
    "regulatoryDesc": "TelcoA",
    "resBusFlag": "Bus",
    "help": "ATM digital transport service that provides the capability for end users to send voice, data, and video over a common access line by encoding these services into fixed cell length. Telco product.",
    "billing": "0",
    "inactive": "0",
    "archiveDate": null
  },
  {
    "productNumber": 850,
    "abcProductNumber": null,
    "productName": "ATM Telco Fill",
    "singleButtonNumber": null,
    "validType": "Sale New;Sale Oth;TF",
    "validTypeD": null,
    "validTypeInq": null,
    "quanTityFlag": "2",
    "boGroups": null,
    "regulatoryType": "TA",
    "regulatoryDesc": "TelcoA",
    "resBusFlag": "Bus",
    "help": "ATM digital transport service that provides the capability for end users to send voice, data, and video over a common access line by encoding these services into fixed cell length. Telco product.",
    "billing": "0",
    "inactive": "0",
    "archiveDate": null
  },
  {
    "productNumber": 538,
    "abcProductNumber": null,
    "productName": "ATM/DIA/FrameRelay PKG",
    "singleButtonNumber": null,
    "validType": "Sale New;Sale Oth;NoSale New;NoSale Oth;PreInstall;Post X;Inquiry;X;TF;Referred",
    "validTypeD": "NoSale New;NoSale Oth;PreInstall;Post X;Inquiry;X;Internal;NonTelco",
    "validTypeInq": "NoSale New;NoSale Oth;PreInstall;Post X;Inquiry;Internal;NonTelco",
    "quanTityFlag": "1",
    "boGroups": null,
    "regulatoryType": "CP",
    "regulatoryDesc": "Common",
    "resBusFlag": "Bus",
    "help": "ATM (Asynchronous Transfer Mode) and Frame Relay Services are digital transport services for voice, data, and video transmission.  Dedicated Internet Access (DIA) provides high-speed dedicated connection to Internet.  1. ATM Telco, 2. ATM NonTelco, 3. DIA, 4. Frame Relay Telco, 5. Frame Relay NonTelco",
    "billing": "0",
    "inactive": "0",
    "archiveDate": null
  },
  {
    "productNumber": 807,
    "abcProductNumber": null,
    "productName": "ATT Home Entrtainmt CS",
    "singleButtonNumber": null,
    "validType": "Inquiry;PreInstall;Post X;X;Referred",
    "validTypeD": "Inquiry;PreInstall;Post X;X;Referred",
    "validTypeInq": "Inquiry;PreInstall;Post X;Referred",
    "quanTityFlag": "2",
    "boGroups": null,
    "regulatoryType": "A",
    "regulatoryDesc": "Affiliate",
    "resBusFlag": "Both",
    "help": "Provides TV \u001ccable\u001d service to apartment complexes via one large satellite dish.  The programming provider may be DISH or DirecTV.  (SBC affiliate is Southwestern Bell Video Services = SWBVS or ATT Video Svcs (DTV/Dish))",
    "billing": "0",
    "inactive": "0",
    "archiveDate": null
  },
  {
    "productNumber": 809,
    "abcProductNumber": null,
    "productName": "ATT Home Entrtainmt Fill",
    "singleButtonNumber": null,
    "validType": "Sale New;Sale Oth;TF",
    "validTypeD": null,
    "validTypeInq": null,
    "quanTityFlag": "2",
    "boGroups": null,
    "regulatoryType": "A",
    "regulatoryDesc": "Affiliate",
    "resBusFlag": "Both",
    "help": "Provides TV \u001ccable\u001d service to apartment complexes via one large satellite dish.  The programming provider may be DISH or DirecTV.  (SBC affiliate is Southwestern Bell Video Services = SWBVS or ATT Video Svcs (DTV/Dish))",
    "billing": "0",
    "inactive": "0",
    "archiveDate": null
  },
  {
    "productNumber": 808,
    "abcProductNumber": null,
    "productName": "ATT Home Entrtainmt Ofr",
    "singleButtonNumber": null,
    "validType": "Sale New;Sale Oth;NoSale New;NoSale Oth;TF",
    "validTypeD": "NoSale New;NoSale Oth",
    "validTypeInq": "NoSale New;NoSale Oth",
    "quanTityFlag": "2",
    "boGroups": null,
    "regulatoryType": "A",
    "regulatoryDesc": "Affiliate",
    "resBusFlag": "Both",
    "help": "Provides TV \u001ccable\u001d service to apartment complexes via one large satellite dish.  The programming provider may be DISH or DirecTV.  (SBC affiliate is Southwestern Bell Video Services = SWBVS or ATT Video Svcs (DTV/Dish))",
    "billing": "0",
    "inactive": "0",
    "archiveDate": null
  },
  {
    "productNumber": 804,
    "abcProductNumber": null,
    "productName": "ATT LD Toll Free Svc CS",
    "singleButtonNumber": null,
    "validType": "Inquiry;PreInstall;Post X;X;Referred",
    "validTypeD": "Inquiry;PreInstall;Post X;X;Referred",
    "validTypeInq": "Inquiry;PreInstall;Post X;Referred",
    "quanTityFlag": "2",
    "boGroups": null,
    "regulatoryType": "A",
    "regulatoryDesc": "Affiliate",
    "resBusFlag": "Bus",
    "help": "Toll free svc offered by ATT LD (Legacy SBC). $5.00 month. Uses 800, 866,877 or 888 area codes. Includes free listing in Natl Toll Free Directory.",
    "billing": "0",
    "inactive": "0",
    "archiveDate": null
  }
]