{  
   "transaction":"retrieveprofileByMarket2c",
   "status":"success",
   "data":{  
      "company":"ATT - Midwest",
      "sampleMonthRequested":"1/1/2016",
      "auditFrom":{  
         "date":"1/14/2016",
         "refId":"52141546",
         "id":"52"
      },
      "auditTo":{  
         "date":"1/20/2016",
         "refId":"52201738",
         "id":"52"
      },
      "segmentDetails":[  
         {  
            "key":"Affiliate",
            "total":"25.00",
            "value":[  
               {  
                  "productName":"ATT LD Toll Free Svc CS1",
                  "productSecs":"9",
                  "allocatedOcc":"7.3396",
                  "allocatedSample":"0.0000",
                  "allocatedJWTS":"0.0000",
                  "allocatedOrder":"0.0000",
                  "totalSecs":"16.3396",
                  "weightedProductRatio":"0.000493"
               },
               {  
                  "productName":"ATT LD Toll Free Svc CS2",
                  "productSecs":"9",
                  "allocatedOcc":"7.3396",
                  "allocatedSample":"0.0000",
                  "allocatedJWTS":"0.0000",
                  "allocatedOrder":"0.0000",
                  "totalSecs":"16.3396",
                  "weightedProductRatio":"0.000493"
               }
            ]
         },
         {  
            "key":"TelcoB",
            "total":"50.00",
            "value":[  
               {  
                  "productName":"ATT LD Toll Free Svc CS3",
                  "productSecs":"9",
                  "allocatedOcc":"7.3396",
                  "allocatedSample":"0.0000",
                  "allocatedJWTS":"0.0000",
                  "allocatedOrder":"0.0000",
                  "totalSecs":"16.3396",
                  "weightedProductRatio":"0.000493"
               },
               {  
                  "productName":"ATT LD Toll Free Svc CS4",
                  "productSecs":"9",
                  "allocatedOcc":"7.3396",
                  "allocatedSample":"0.0000",
                  "allocatedJWTS":"0.0000",
                  "allocatedOrder":"0.0000",
                  "totalSecs":"16.3396",
                  "weightedProductRatio":"0.000493"
               }
            ]
         },
         {  
            "key":"TelcoA",
            "total":"75.00",
            "value":[  
               {  
                  "productName":"ATT LD Toll Free Svc CS5",
                  "productSecs":"9",
                  "allocatedOcc":"7.3396",
                  "allocatedSample":"0.0000",
                  "allocatedJWTS":"0.0000",
                  "allocatedOrder":"0.0000",
                  "totalSecs":"16.3396",
                  "weightedProductRatio":"0.000493"
               },
               {  
                  "productName":"ATT LD Toll Free Svc CS6",
                  "productSecs":"9",
                  "allocatedOcc":"7.3396",
                  "allocatedSample":"0.0000",
                  "allocatedJWTS":"0.0000",
                  "allocatedOrder":"0.0000",
                  "totalSecs":"16.3396",
                  "weightedProductRatio":"0.000493"
               }
            ]
         },
         {  
            "key":"Affiliate",
            "total":"25.00",
            "value":[  
               {  
                  "productName":"ATT LD Toll Free Svc CS7",
                  "productSecs":"9",
                  "allocatedOcc":"7.3396",
                  "allocatedSample":"0.0000",
                  "allocatedJWTS":"0.0000",
                  "allocatedOrder":"0.0000",
                  "totalSecs":"16.3396",
                  "weightedProductRatio":"0.000493"
               },
               {  
                  "productName":"ATT LD Toll Free Svc CS8",
                  "productSecs":"9",
                  "allocatedOcc":"7.3396",
                  "allocatedSample":"0.0000",
                  "allocatedJWTS":"0.0000",
                  "allocatedOrder":"0.0000",
                  "totalSecs":"16.3396",
                  "weightedProductRatio":"0.000493"
               }
            ]
         },
         {  
            "key":"TelcoB",
            "total":"50.00",
            "value":[  
               {  
                  "productName":"ATT LD Toll Free Svc CS9",
                  "productSecs":"9",
                  "allocatedOcc":"7.3396",
                  "allocatedSample":"0.0000",
                  "allocatedJWTS":"0.0000",
                  "allocatedOrder":"0.0000",
                  "totalSecs":"16.3396",
                  "weightedProductRatio":"0.000493"
               },
               {  
                  "productName":"ATT LD Toll Free Svc CS10",
                  "productSecs":"9",
                  "allocatedOcc":"7.3396",
                  "allocatedSample":"0.0000",
                  "allocatedJWTS":"0.0000",
                  "allocatedOrder":"0.0000",
                  "totalSecs":"16.3396",
                  "weightedProductRatio":"0.000493"
               }
            ]
         },
         {  
            "key":"TelcoA",
            "total":"75.00",
            "value":[  
               {  
                  "productName":"ATT LD Toll Free Svc CS11",
                  "productSecs":"9",
                  "allocatedOcc":"7.3396",
                  "allocatedSample":"0.0000",
                  "allocatedJWTS":"0.0000",
                  "allocatedOrder":"0.0000",
                  "totalSecs":"16.3396",
                  "weightedProductRatio":"0.000493"
               },
               {  
                  "productName":"ATT LD Toll Free Svc CS12",
                  "productSecs":"9",
                  "allocatedOcc":"7.3396",
                  "allocatedSample":"0.0000",
                  "allocatedJWTS":"0.0000",
                  "allocatedOrder":"0.0000",
                  "totalSecs":"16.3396",
                  "weightedProductRatio":"0.000493"
               }
            ]
         },
         {  
            "key":"Affiliate",
            "total":"25.00",
            "value":[  
               {  
                  "productName":"ATT LD Toll Free Svc CS13",
                  "productSecs":"9",
                  "allocatedOcc":"7.3396",
                  "allocatedSample":"0.0000",
                  "allocatedJWTS":"0.0000",
                  "allocatedOrder":"0.0000",
                  "totalSecs":"16.3396",
                  "weightedProductRatio":"0.000493"
               },
               {  
                  "productName":"ATT LD Toll Free Svc CS14",
                  "productSecs":"9",
                  "allocatedOcc":"7.3396",
                  "allocatedSample":"0.0000",
                  "allocatedJWTS":"0.0000",
                  "allocatedOrder":"0.0000",
                  "totalSecs":"16.3396",
                  "weightedProductRatio":"0.000493"
               }
            ]
         },
         {  
            "key":"TelcoB",
            "total":"50.00",
            "value":[  
               {  
                  "productName":"ATT LD Toll Free Svc CS15",
                  "productSecs":"9",
                  "allocatedOcc":"7.3396",
                  "allocatedSample":"0.0000",
                  "allocatedJWTS":"0.0000",
                  "allocatedOrder":"0.0000",
                  "totalSecs":"16.3396",
                  "weightedProductRatio":"0.000493"
               },
               {  
                  "productName":"ATT LD Toll Free Svc CS16",
                  "productSecs":"9",
                  "allocatedOcc":"7.3396",
                  "allocatedSample":"0.0000",
                  "allocatedJWTS":"0.0000",
                  "allocatedOrder":"0.0000",
                  "totalSecs":"16.3396",
                  "weightedProductRatio":"0.000493"
               }
            ]
         },
         {  
            "key":"TelcoA",
            "total":"75.00",
            "value":[  
               {  
                  "productName":"ATT LD Toll Free Svc CS17",
                  "productSecs":"9",
                  "allocatedOcc":"7.3396",
                  "allocatedSample":"0.0000",
                  "allocatedJWTS":"0.0000",
                  "allocatedOrder":"0.0000",
                  "totalSecs":"16.3396",
                  "weightedProductRatio":"0.000493"
               },
               {  
                  "productName":"ATT LD Toll Free Svc CS18",
                  "productSecs":"9",
                  "allocatedOcc":"7.3396",
                  "allocatedSample":"0.0000",
                  "allocatedJWTS":"0.0000",
                  "allocatedOrder":"0.0000",
                  "totalSecs":"16.3396",
                  "weightedProductRatio":"0.000493"
               }
            ]
         },
         {  
            "key":"Affiliate",
            "total":"25.00",
            "value":[  
               {  
                  "productName":"ATT LD Toll Free Svc CS19",
                  "productSecs":"9",
                  "allocatedOcc":"7.3396",
                  "allocatedSample":"0.0000",
                  "allocatedJWTS":"0.0000",
                  "allocatedOrder":"0.0000",
                  "totalSecs":"16.3396",
                  "weightedProductRatio":"0.000493"
               },
               {  
                  "productName":"ATT LD Toll Free Svc CS20",
                  "productSecs":"9",
                  "allocatedOcc":"7.3396",
                  "allocatedSample":"0.0000",
                  "allocatedJWTS":"0.0000",
                  "allocatedOrder":"0.0000",
                  "totalSecs":"16.3396",
                  "weightedProductRatio":"0.000493"
               }
            ]
         },
         {  
            "key":"TelcoB",
            "total":"50.00",
            "value":[  
               {  
                  "productName":"ATT LD Toll Free Svc CS21",
                  "productSecs":"9",
                  "allocatedOcc":"7.3396",
                  "allocatedSample":"0.0000",
                  "allocatedJWTS":"0.0000",
                  "allocatedOrder":"0.0000",
                  "totalSecs":"16.3396",
                  "weightedProductRatio":"0.000493"
               },
               {  
                  "productName":"ATT LD Toll Free Svc CS22",
                  "productSecs":"9",
                  "allocatedOcc":"7.3396",
                  "allocatedSample":"0.0000",
                  "allocatedJWTS":"0.0000",
                  "allocatedOrder":"0.0000",
                  "totalSecs":"16.3396",
                  "weightedProductRatio":"0.000493"
               }
            ]
         },
         {  
            "key":"TelcoA",
            "total":"75.00",
            "value":[  
               {  
                  "productName":"ATT LD Toll Free Svc CS23",
                  "productSecs":"9",
                  "allocatedOcc":"7.3396",
                  "allocatedSample":"0.0000",
                  "allocatedJWTS":"0.0000",
                  "allocatedOrder":"0.0000",
                  "totalSecs":"16.3396",
                  "weightedProductRatio":"0.000493"
               },
               {  
                  "productName":"ATT LD Toll Free Svc CS24",
                  "productSecs":"9",
                  "allocatedOcc":"7.3396",
                  "allocatedSample":"0.0000",
                  "allocatedJWTS":"0.0000",
                  "allocatedOrder":"0.0000",
                  "totalSecs":"16.3396",
                  "weightedProductRatio":"0.000493"
               }
            ]
         },
         {  
            "key":"Affiliate",
            "total":"25.00",
            "value":[  
               {  
                  "productName":"ATT LD Toll Free Svc CS25",
                  "productSecs":"9",
                  "allocatedOcc":"7.3396",
                  "allocatedSample":"0.0000",
                  "allocatedJWTS":"0.0000",
                  "allocatedOrder":"0.0000",
                  "totalSecs":"16.3396",
                  "weightedProductRatio":"0.000493"
               },
               {  
                  "productName":"ATT LD Toll Free Svc CS26",
                  "productSecs":"9",
                  "allocatedOcc":"7.3396",
                  "allocatedSample":"0.0000",
                  "allocatedJWTS":"0.0000",
                  "allocatedOrder":"0.0000",
                  "totalSecs":"16.3396",
                  "weightedProductRatio":"0.000493"
               }
            ]
         },
         {  
            "key":"TelcoB",
            "total":"50.00",
            "value":[  
               {  
                  "productName":"ATT LD Toll Free Svc CS27",
                  "productSecs":"9",
                  "allocatedOcc":"7.3396",
                  "allocatedSample":"0.0000",
                  "allocatedJWTS":"0.0000",
                  "allocatedOrder":"0.0000",
                  "totalSecs":"16.3396",
                  "weightedProductRatio":"0.000493"
               },
               {  
                  "productName":"ATT LD Toll Free Svc CS28",
                  "productSecs":"9",
                  "allocatedOcc":"7.3396",
                  "allocatedSample":"0.0000",
                  "allocatedJWTS":"0.0000",
                  "allocatedOrder":"0.0000",
                  "totalSecs":"16.3396",
                  "weightedProductRatio":"0.000493"
               }
            ]
         },
         {  
            "key":"TelcoA",
            "total":"75.00",
            "value":[  
               {  
                  "productName":"ATT LD Toll Free Svc CS29",
                  "productSecs":"9",
                  "allocatedOcc":"7.3396",
                  "allocatedSample":"0.0000",
                  "allocatedJWTS":"0.0000",
                  "allocatedOrder":"0.0000",
                  "totalSecs":"16.3396",
                  "weightedProductRatio":"0.000493"
               },
               {  
                  "productName":"ATT LD Toll Free Svc CS30",
                  "productSecs":"9",
                  "allocatedOcc":"7.3396",
                  "allocatedSample":"0.0000",
                  "allocatedJWTS":"0.0000",
                  "allocatedOrder":"0.0000",
                  "totalSecs":"16.3396",
                  "weightedProductRatio":"0.000493"
               }
            ]
         },
         {  
            "key":"Affiliate",
            "total":"25.00",
            "value":[  
               {  
                  "productName":"ATT LD Toll Free Svc CS31",
                  "productSecs":"9",
                  "allocatedOcc":"7.3396",
                  "allocatedSample":"0.0000",
                  "allocatedJWTS":"0.0000",
                  "allocatedOrder":"0.0000",
                  "totalSecs":"16.3396",
                  "weightedProductRatio":"0.000493"
               },
               {  
                  "productName":"ATT LD Toll Free Svc CS32",
                  "productSecs":"9",
                  "allocatedOcc":"7.3396",
                  "allocatedSample":"0.0000",
                  "allocatedJWTS":"0.0000",
                  "allocatedOrder":"0.0000",
                  "totalSecs":"16.3396",
                  "weightedProductRatio":"0.000493"
               }
            ]
         },
         {  
            "key":"TelcoB",
            "total":"50.00",
            "value":[  
               {  
                  "productName":"ATT LD Toll Free Svc CS33",
                  "productSecs":"9",
                  "allocatedOcc":"7.3396",
                  "allocatedSample":"0.0000",
                  "allocatedJWTS":"0.0000",
                  "allocatedOrder":"0.0000",
                  "totalSecs":"16.3396",
                  "weightedProductRatio":"0.000493"
               },
               {  
                  "productName":"ATT LD Toll Free Svc CS34",
                  "productSecs":"9",
                  "allocatedOcc":"7.3396",
                  "allocatedSample":"0.0000",
                  "allocatedJWTS":"0.0000",
                  "allocatedOrder":"0.0000",
                  "totalSecs":"16.3396",
                  "weightedProductRatio":"0.000493"
               }
            ]
         },
         {  
            "key":"TelcoA",
            "total":"75.00",
            "value":[  
               {  
                  "productName":"ATT LD Toll Free Svc CS35",
                  "productSecs":"9",
                  "allocatedOcc":"7.3396",
                  "allocatedSample":"0.0000",
                  "allocatedJWTS":"0.0000",
                  "allocatedOrder":"0.0000",
                  "totalSecs":"16.3396",
                  "weightedProductRatio":"0.000493"
               },
               {  
                  "productName":"ATT LD Toll Free Svc CS36",
                  "productSecs":"9",
                  "allocatedOcc":"7.3396",
                  "allocatedSample":"0.0000",
                  "allocatedJWTS":"0.0000",
                  "allocatedOrder":"0.0000",
                  "totalSecs":"16.3396",
                  "weightedProductRatio":"0.000493"
               }
            ]
         },
         {  
            "key":"Affiliate",
            "total":"25.00",
            "value":[  
               {  
                  "productName":"ATT LD Toll Free Svc CS37",
                  "productSecs":"9",
                  "allocatedOcc":"7.3396",
                  "allocatedSample":"0.0000",
                  "allocatedJWTS":"0.0000",
                  "allocatedOrder":"0.0000",
                  "totalSecs":"16.3396",
                  "weightedProductRatio":"0.000493"
               },
               {  
                  "productName":"ATT LD Toll Free Svc CS138",
                  "productSecs":"9",
                  "allocatedOcc":"7.3396",
                  "allocatedSample":"0.0000",
                  "allocatedJWTS":"0.0000",
                  "allocatedOrder":"0.0000",
                  "totalSecs":"16.3396",
                  "weightedProductRatio":"0.000493"
               }
            ]
         },
         {  
            "key":"TelcoB",
            "total":"50.00",
            "value":[  
               {  
                  "productName":"ATT LD Toll Free Svc CS39",
                  "productSecs":"9",
                  "allocatedOcc":"7.3396",
                  "allocatedSample":"0.0000",
                  "allocatedJWTS":"0.0000",
                  "allocatedOrder":"0.0000",
                  "totalSecs":"16.3396",
                  "weightedProductRatio":"0.000493"
               },
               {  
                  "productName":"ATT LD Toll Free Svc CS40",
                  "productSecs":"9",
                  "allocatedOcc":"7.3396",
                  "allocatedSample":"0.0000",
                  "allocatedJWTS":"0.0000",
                  "allocatedOrder":"0.0000",
                  "totalSecs":"16.3396",
                  "weightedProductRatio":"0.000493"
               }
            ]
         },
         {  
            "key":"TelcoA",
            "total":"75.00",
            "value":[  
               {  
                  "productName":"ATT LD Toll Free Svc CS41",
                  "productSecs":"9",
                  "allocatedOcc":"7.3396",
                  "allocatedSample":"0.0000",
                  "allocatedJWTS":"0.0000",
                  "allocatedOrder":"0.0000",
                  "totalSecs":"16.3396",
                  "weightedProductRatio":"0.000493"
               },
               {  
                  "productName":"ATT LD Toll Free Svc CS42",
                  "productSecs":"9",
                  "allocatedOcc":"7.3396",
                  "allocatedSample":"0.0000",
                  "allocatedJWTS":"0.0000",
                  "allocatedOrder":"0.0000",
                  "totalSecs":"16.3396",
                  "weightedProductRatio":"0.000493"
               }
            ]
         }
      ],
      "ReportTotals":{  
         "productSecs":"9",
         "allocatedOcc":"7.3396",
         "allocatedSample":"0.0000",
         "allocatedJWTS":"0.0000",
         "allocatedOrder":"0.0000",
         "totalSecs":"16.3396",
         "weightedProductRatio":"0.000493"
      }
   }
}