[{
"Company":"ATT",
"Startum":"Business",
"Month":"1/1/2016",
"Sample":"70"
},
{
"Company":"ATT",
"Startum":"Business",
"Month":"2/1/2016",
"Sample":"75"
},
{
"Company":"ATT",
"Startum":"Business",
"Month":"3/1/2016",
"Sample":"54"
},
{
"Company":"ATT",
"Startum":"Business",
"Month":"4/1/2016",
"Sample":"56"
},
{
"Company":"ATT",
"Startum":"Business",
"Month":"5/1/2016",
"Sample":"67"
},
{
"Company":"ATT",
"Startum":"Business",
"Month":"6/1/2016",
"Sample":"72"
},
{
"Company":"ATT",
"Startum":"Business",
"Month":"7/1/2016",
"Sample":"73"
},
{
"Company":"ATT",
"Startum":"Business",
"Month":"8/1/2016",
"Sample":"74"
},
{
"Company":"ATT",
"Startum":"Business",
"Month":"9/1/2016",
"Sample":"70"
},
{
"Company":"ATT",
"Startum":"Business",
"Month":"10/1/2016",
"Sample":"70"
}
]