[{"productNumber":0,"abcProductNumber":null,"productName":null,"singleButtonNumber":null,"validType":null,"validTypeD":"CredCollct;Inquiry;Internal","validTypeInq":null,"quanTityFlag":null,"boGroups":null,"regulatoryType":null,"regulatoryDesc":null,"resBusFlag":null,"help":null,"billing":null,"inactive":null,"archiveDate":null},{"productNumber":0,"abcProductNumber":null,"productName":null,"singleButtonNumber":null,"validType":null,"validTypeD":"CredCollct;Inquiry;Internal;ATT Msging","validTypeInq":null,"quanTityFlag":null,"boGroups":null,"regulatoryType":null,"regulatoryDesc":null,"resBusFlag":null,"help":null,"billing":null,"inactive":null,"archiveDate":null},{"productNumber":0,"abcProductNumber":null,"productName":null,"singleButtonNumber":null,"validType":null,"validTypeD":"CredCollct;Inquiry;Internal;Direct","validTypeInq":null,"quanTityFlag":null,"boGroups":null,"regulatoryType":null,"regulatoryDesc":null,"resBusFlag":null,"help":null,"billing":null,"inactive":null,"archiveDate":null},{"productNumber":0,"abcProductNumber":null,"productName":null,"singleButtonNumber":null,"validType":null,"validTypeD":"CredCollct;Inquiry;Internal;Dish","validTypeInq":null,"quanTityFlag":null,"boGroups":null,"regulatoryType":null,"regulatoryDesc":null,"resBusFlag":null,"help":null,"billing":null,"inactive":null,"archiveDate":null},{"productNumber":0,"abcProductNumber":null,"productName":null,"singleButtonNumber":null,"validType":null,"validTypeD":"CredCollct;Inquiry;Internal;LD","validTypeInq":null,"quanTityFlag":null,"boGroups":null,"regulatoryType":null,"regulatoryDesc":null,"resBusFlag":null,"help":null,"billing":null,"inactive":null,"archiveDate":null},{"productNumber":0,"abcProductNumber":null,"productName":null,"singleButtonNumber":null,"validType":null,"validTypeD":"CredCollct;Inquiry;Internal;NonTelco","validTypeInq":null,"quanTityFlag":null,"boGroups":null,"regulatoryType":null,"regulatoryDesc":null,"resBusFlag":null,"help":null,"billing":null,"inactive":null,"archiveDate":null},{"productNumber":0,"abcProductNumber":null,"productName":null,"singleButtonNumber":null,"validType":null,"validTypeD":"CredCollct;Inquiry;Internal;OtherTelco","validTypeInq":null,"quanTityFlag":null,"boGroups":null,"regulatoryType":null,"regulatoryDesc":null,"resBusFlag":null,"help":null,"billing":null,"inactive":null,"archiveDate":null},{"productNumber":0,"abcProductNumber":null,"productName":null,"singleButtonNumber":null,"validType":null,"validTypeD":"CredCollct;Inquiry;Internal;UnifiedMsg","validTypeInq":null,"quanTityFlag":null,"boGroups":null,"regulatoryType":null,"regulatoryDesc":null,"resBusFlag":null,"help":null,"billing":null,"inactive":null,"archiveDate":null},{"productNumber":0,"abcProductNumber":null,"productName":null,"singleButtonNumber":null,"validType":null,"validTypeD":"CredCollct;Inquiry;Internal;Wireless","validTypeInq":null,"quanTityFlag":null,"boGroups":null,"regulatoryType":null,"regulatoryDesc":null,"resBusFlag":null,"help":null,"billing":null,"inactive":null,"archiveDate":null},{"productNumber":0,"abcProductNumber":null,"productName":null,"singleButtonNumber":null,"validType":null,"validTypeD":"CredCollct;Inquiry;Internal;Wireless;DTV","validTypeInq":null,"quanTityFlag":null,"boGroups":null,"regulatoryType":null,"regulatoryDesc":null,"resBusFlag":null,"help":null,"billing":null,"inactive":null,"archiveDate":null},{"productNumber":0,"abcProductNumber":null,"productName":null,"singleButtonNumber":null,"validType":null,"validTypeD":"CredCollct;Inquiry;Internal;Xanboo","validTypeInq":null,"quanTityFlag":null,"boGroups":null,"regulatoryType":null,"regulatoryDesc":null,"resBusFlag":null,"help":null,"billing":null,"inactive":null,"archiveDate":null},{"productNumber":0,"abcProductNumber":null,"productName":null,"singleButtonNumber":null,"validType":null,"validTypeD":"CredCollct;Inquiry;Leg T","validTypeInq":null,"quanTityFlag":null,"boGroups":null,"regulatoryType":null,"regulatoryDesc":null,"resBusFlag":null,"help":null,"billing":null,"inactive":null,"archiveDate":null},{"productNumber":0,"abcProductNumber":null,"productName":null,"singleButtonNumber":null,"validType":null,"validTypeD":"Inquiry;Internal ","validTypeInq":null,"quanTityFlag":null,"boGroups":null,"regulatoryType":null,"regulatoryDesc":null,"resBusFlag":null,"help":null,"billing":null,"inactive":null,"archiveDate":null},{"productNumber":0,"abcProductNumber":null,"productName":null,"singleButtonNumber":null,"validType":null,"validTypeD":"Inquiry;Post X;X;Referred","validTypeInq":null,"quanTityFlag":null,"boGroups":null,"regulatoryType":null,"regulatoryDesc":null,"resBusFlag":null,"help":null,"billing":null,"inactive":null,"archiveDate":null},{"productNumber":0,"abcProductNumber":null,"productName":null,"singleButtonNumber":null,"validType":null,"validTypeD":"Inquiry;PreInstall;Post Sale;Post X;X;Referred","validTypeInq":null,"quanTityFlag":null,"boGroups":null,"regulatoryType":null,"regulatoryDesc":null,"resBusFlag":null,"help":null,"billing":null,"inactive":null,"archiveDate":null},{"productNumber":0,"abcProductNumber":null,"productName":null,"singleButtonNumber":null,"validType":null,"validTypeD":"Inquiry;PreInstall;Post X;X;Referred","validTypeInq":null,"quanTityFlag":null,"boGroups":null,"regulatoryType":null,"regulatoryDesc":null,"resBusFlag":null,"help":null,"billing":null,"inactive":null,"archiveDate":null},{"productNumber":0,"abcProductNumber":null,"productName":null,"singleButtonNumber":null,"validType":null,"validTypeD":"Internal;OtherTelco;Wrong No","validTypeInq":null,"quanTityFlag":null,"boGroups":null,"regulatoryType":null,"regulatoryDesc":null,"resBusFlag":null,"help":null,"billing":null,"inactive":null,"archiveDate":null},{"productNumber":0,"abcProductNumber":null,"productName":null,"singleButtonNumber":null,"validType":null,"validTypeD":"NoSale New","validTypeInq":null,"quanTityFlag":null,"boGroups":null,"regulatoryType":null,"regulatoryDesc":null,"resBusFlag":null,"help":null,"billing":null,"inactive":null,"archiveDate":null},{"productNumber":0,"abcProductNumber":null,"productName":null,"singleButtonNumber":null,"validType":null,"validTypeD":"NoSale New;NoSale Oth","validTypeInq":null,"quanTityFlag":null,"boGroups":null,"regulatoryType":null,"regulatoryDesc":null,"resBusFlag":null,"help":null,"billing":null,"inactive":null,"archiveDate":null},{"productNumber":0,"abcProductNumber":null,"productName":null,"singleButtonNumber":null,"validType":null,"validTypeD":"NoSale New;NoSale Oth;PreInstall;Post X;Inquiry;X;Internal","validTypeInq":null,"quanTityFlag":null,"boGroups":null,"regulatoryType":null,"regulatoryDesc":null,"resBusFlag":null,"help":null,"billing":null,"inactive":null,"archiveDate":null},{"productNumber":0,"abcProductNumber":null,"productName":null,"singleButtonNumber":null,"validType":null,"validTypeD":"NoSale New;NoSale Oth;PreInstall;Post X;Inquiry;X;Internal;NonTelco","validTypeInq":null,"quanTityFlag":null,"boGroups":null,"regulatoryType":null,"regulatoryDesc":null,"resBusFlag":null,"help":null,"billing":null,"inactive":null,"archiveDate":null},{"productNumber":0,"abcProductNumber":null,"productName":null,"singleButtonNumber":null,"validType":null,"validTypeD":"NoSale New;NoSale Oth;PreInstall;Post X;X;Inquiry;X;Internal","validTypeInq":null,"quanTityFlag":null,"boGroups":null,"regulatoryType":null,"regulatoryDesc":null,"resBusFlag":null,"help":null,"billing":null,"inactive":null,"archiveDate":null},{"productNumber":0,"abcProductNumber":null,"productName":null,"singleButtonNumber":null,"validType":null,"validTypeD":"NoSale Oth;Fulfillmnt;Post X;Inquiry;Referred","validTypeInq":null,"quanTityFlag":null,"boGroups":null,"regulatoryType":null,"regulatoryDesc":null,"resBusFlag":null,"help":null,"billing":null,"inactive":null,"archiveDate":null},{"productNumber":0,"abcProductNumber":null,"productName":null,"singleButtonNumber":null,"validType":null,"validTypeD":"Sale New","validTypeInq":null,"quanTityFlag":null,"boGroups":null,"regulatoryType":null,"regulatoryDesc":null,"resBusFlag":null,"help":null,"billing":null,"inactive":null,"archiveDate":null},{"productNumber":0,"abcProductNumber":null,"productName":null,"singleButtonNumber":null,"validType":null,"validTypeD":"Sale New;NoSale New;NoSale Oth","validTypeInq":null,"quanTityFlag":null,"boGroups":null,"regulatoryType":null,"regulatoryDesc":null,"resBusFlag":null,"help":null,"billing":null,"inactive":null,"archiveDate":null}]