[{"productNumber":0,"abcProductNumber":null,"productName":null,"singleButtonNumber":null,"validType":null,"validTypeD":null,"validTypeInq":"CredCollct;Inquiry;Internal","quanTityFlag":null,"boGroups":null,"regulatoryType":null,"regulatoryDesc":null,"resBusFlag":null,"help":null,"billing":null,"inactive":null,"archiveDate":null},{"productNumber":0,"abcProductNumber":null,"productName":null,"singleButtonNumber":null,"validType":null,"validTypeD":null,"validTypeInq":"CredCollct;Inquiry;Internal;ATT Msging","quanTityFlag":null,"boGroups":null,"regulatoryType":null,"regulatoryDesc":null,"resBusFlag":null,"help":null,"billing":null,"inactive":null,"archiveDate":null},{"productNumber":0,"abcProductNumber":null,"productName":null,"singleButtonNumber":null,"validType":null,"validTypeD":null,"validTypeInq":"CredCollct;Inquiry;Internal;Direct","quanTityFlag":null,"boGroups":null,"regulatoryType":null,"regulatoryDesc":null,"resBusFlag":null,"help":null,"billing":null,"inactive":null,"archiveDate":null},{"productNumber":0,"abcProductNumber":null,"productName":null,"singleButtonNumber":null,"validType":null,"validTypeD":null,"validTypeInq":"CredCollct;Inquiry;Internal;Dish","quanTityFlag":null,"boGroups":null,"regulatoryType":null,"regulatoryDesc":null,"resBusFlag":null,"help":null,"billing":null,"inactive":null,"archiveDate":null},{"productNumber":0,"abcProductNumber":null,"productName":null,"singleButtonNumber":null,"validType":null,"validTypeD":null,"validTypeInq":"CredCollct;Inquiry;Internal;LD","quanTityFlag":null,"boGroups":null,"regulatoryType":null,"regulatoryDesc":null,"resBusFlag":null,"help":null,"billing":null,"inactive":null,"archiveDate":null},{"productNumber":0,"abcProductNumber":null,"productName":null,"singleButtonNumber":null,"validType":null,"validTypeD":null,"validTypeInq":"CredCollct;Inquiry;Internal;NonTelco","quanTityFlag":null,"boGroups":null,"regulatoryType":null,"regulatoryDesc":null,"resBusFlag":null,"help":null,"billing":null,"inactive":null,"archiveDate":null},{"productNumber":0,"abcProductNumber":null,"productName":null,"singleButtonNumber":null,"validType":null,"validTypeD":null,"validTypeInq":"CredCollct;Inquiry;Internal;OtherTelco","quanTityFlag":null,"boGroups":null,"regulatoryType":null,"regulatoryDesc":null,"resBusFlag":null,"help":null,"billing":null,"inactive":null,"archiveDate":null},{"productNumber":0,"abcProductNumber":null,"productName":null,"singleButtonNumber":null,"validType":null,"validTypeD":null,"validTypeInq":"CredCollct;Inquiry;Internal;UnifiedMsg","quanTityFlag":null,"boGroups":null,"regulatoryType":null,"regulatoryDesc":null,"resBusFlag":null,"help":null,"billing":null,"inactive":null,"archiveDate":null},{"productNumber":0,"abcProductNumber":null,"productName":null,"singleButtonNumber":null,"validType":null,"validTypeD":null,"validTypeInq":"CredCollct;Inquiry;Internal;Wireless","quanTityFlag":null,"boGroups":null,"regulatoryType":null,"regulatoryDesc":null,"resBusFlag":null,"help":null,"billing":null,"inactive":null,"archiveDate":null},{"productNumber":0,"abcProductNumber":null,"productName":null,"singleButtonNumber":null,"validType":null,"validTypeD":null,"validTypeInq":"CredCollct;Inquiry;Internal;Wireless;DTV","quanTityFlag":null,"boGroups":null,"regulatoryType":null,"regulatoryDesc":null,"resBusFlag":null,"help":null,"billing":null,"inactive":null,"archiveDate":null},{"productNumber":0,"abcProductNumber":null,"productName":null,"singleButtonNumber":null,"validType":null,"validTypeD":null,"validTypeInq":"CredCollct;Inquiry;Internal;Xanboo","quanTityFlag":null,"boGroups":null,"regulatoryType":null,"regulatoryDesc":null,"resBusFlag":null,"help":null,"billing":null,"inactive":null,"archiveDate":null},{"productNumber":0,"abcProductNumber":null,"productName":null,"singleButtonNumber":null,"validType":null,"validTypeD":null,"validTypeInq":"CredCollct;Inquiry;Leg T","quanTityFlag":null,"boGroups":null,"regulatoryType":null,"regulatoryDesc":null,"resBusFlag":null,"help":null,"billing":null,"inactive":null,"archiveDate":null},{"productNumber":0,"abcProductNumber":null,"productName":null,"singleButtonNumber":null,"validType":null,"validTypeD":null,"validTypeInq":"Inquiry;Internal ","quanTityFlag":null,"boGroups":null,"regulatoryType":null,"regulatoryDesc":null,"resBusFlag":null,"help":null,"billing":null,"inactive":null,"archiveDate":null},{"productNumber":0,"abcProductNumber":null,"productName":null,"singleButtonNumber":null,"validType":null,"validTypeD":null,"validTypeInq":"Inquiry;Post X;Referred","quanTityFlag":null,"boGroups":null,"regulatoryType":null,"regulatoryDesc":null,"resBusFlag":null,"help":null,"billing":null,"inactive":null,"archiveDate":null},{"productNumber":0,"abcProductNumber":null,"productName":null,"singleButtonNumber":null,"validType":null,"validTypeD":null,"validTypeInq":"Inquiry;PreInstall;Post Sale;Post X;Referred","quanTityFlag":null,"boGroups":null,"regulatoryType":null,"regulatoryDesc":null,"resBusFlag":null,"help":null,"billing":null,"inactive":null,"archiveDate":null},{"productNumber":0,"abcProductNumber":null,"productName":null,"singleButtonNumber":null,"validType":null,"validTypeD":null,"validTypeInq":"Inquiry;PreInstall;Post X;Referred","quanTityFlag":null,"boGroups":null,"regulatoryType":null,"regulatoryDesc":null,"resBusFlag":null,"help":null,"billing":null,"inactive":null,"archiveDate":null},{"productNumber":0,"abcProductNumber":null,"productName":null,"singleButtonNumber":null,"validType":null,"validTypeD":null,"validTypeInq":"Inquiry;PreInstall;Post X;X;Referred","quanTityFlag":null,"boGroups":null,"regulatoryType":null,"regulatoryDesc":null,"resBusFlag":null,"help":null,"billing":null,"inactive":null,"archiveDate":null},{"productNumber":0,"abcProductNumber":null,"productName":null,"singleButtonNumber":null,"validType":null,"validTypeD":null,"validTypeInq":"Internal;OtherTelco;Wrong No","quanTityFlag":null,"boGroups":null,"regulatoryType":null,"regulatoryDesc":null,"resBusFlag":null,"help":null,"billing":null,"inactive":null,"archiveDate":null},{"productNumber":0,"abcProductNumber":null,"productName":null,"singleButtonNumber":null,"validType":null,"validTypeD":null,"validTypeInq":"NoSale New","quanTityFlag":null,"boGroups":null,"regulatoryType":null,"regulatoryDesc":null,"resBusFlag":null,"help":null,"billing":null,"inactive":null,"archiveDate":null},{"productNumber":0,"abcProductNumber":null,"productName":null,"singleButtonNumber":null,"validType":null,"validTypeD":null,"validTypeInq":"NoSale New;NoSale Oth","quanTityFlag":null,"boGroups":null,"regulatoryType":null,"regulatoryDesc":null,"resBusFlag":null,"help":null,"billing":null,"inactive":null,"archiveDate":null},{"productNumber":0,"abcProductNumber":null,"productName":null,"singleButtonNumber":null,"validType":null,"validTypeD":null,"validTypeInq":"NoSale New;NoSale Oth;PreInstall;Fulfillmnt;PostInstal;Post X;Inquiry;Internal;NonTelco","quanTityFlag":null,"boGroups":null,"regulatoryType":null,"regulatoryDesc":null,"resBusFlag":null,"help":null,"billing":null,"inactive":null,"archiveDate":null},{"productNumber":0,"abcProductNumber":null,"productName":null,"singleButtonNumber":null,"validType":null,"validTypeD":null,"validTypeInq":"NoSale New;NoSale Oth;PreInstall;Post X;Inquiry;Internal","quanTityFlag":null,"boGroups":null,"regulatoryType":null,"regulatoryDesc":null,"resBusFlag":null,"help":null,"billing":null,"inactive":null,"archiveDate":null},{"productNumber":0,"abcProductNumber":null,"productName":null,"singleButtonNumber":null,"validType":null,"validTypeD":null,"validTypeInq":"NoSale New;NoSale Oth;PreInstall;Post X;Inquiry;Internal;NonTelco","quanTityFlag":null,"boGroups":null,"regulatoryType":null,"regulatoryDesc":null,"resBusFlag":null,"help":null,"billing":null,"inactive":null,"archiveDate":null},{"productNumber":0,"abcProductNumber":null,"productName":null,"singleButtonNumber":null,"validType":null,"validTypeD":null,"validTypeInq":"NoSale Oth;Fulfillmnt;Post X;Inquiry;Referred","quanTityFlag":null,"boGroups":null,"regulatoryType":null,"regulatoryDesc":null,"resBusFlag":null,"help":null,"billing":null,"inactive":null,"archiveDate":null},{"productNumber":0,"abcProductNumber":null,"productName":null,"singleButtonNumber":null,"validType":null,"validTypeD":null,"validTypeInq":"Sale New;Sale Oth;NoSale New;NoSale Oth;TF","quanTityFlag":null,"boGroups":null,"regulatoryType":null,"regulatoryDesc":null,"resBusFlag":null,"help":null,"billing":null,"inactive":null,"archiveDate":null}]