[
  {
    "userSeqNum": 2,
    "firstname": "Admin",
    "label": "",
    "value": "Test_ADMN",
    "roleDesc": "GRP_A_ADMN",
    "lastname": "Test",
    "roleId": "HQ",
    "emailId": "it_guardian_test@att.com",
    "additionalRole": 2,
    "attID": "ar570n",
    "password": "",
    "userTitle": "",
    "userManagerId": "",
    "userLevel": "",
    "userStatus": "Y",
    "userSupervisor": "",
    "dateCreated": "2015-02-13 07:43:29.0",
    "dateUpdated": "2016-09-16 02:19:27.0",
    "lastLoginDate": "2017-03-17 11:07:06.0",
    "createdBy": "SYSTEM",
    "updatedBy": "",
    "qaReviewer": "",
    "qaReviewApprover": "",
    "reassignAdmin": "",
    "vendorBillingAdmin": "",
    "onHoldManagerRoleBean": "",
    "establishedRole": "Y"
  },
  {
    "userSeqNum": "",
    "firstname": "Market",
    "label": "",
    "value": "Test__MKT",
    "roleDesc": "Test__MKT",
    "lastname": "Test",
    "roleId": "MK",
    "emailId": "it_guardian_test@att.com",
    "additionalRole": 2,
    "attID": "ar570n",
    "password": "",
    "userTitle": "",
    "userManagerId": "",
    "userLevel": "",
    "userStatus": "Y",
    "userSupervisor": "",
    "dateCreated": "2015-02-13 07:43:29.0",
    "dateUpdated": "2016-09-16 02:19:27.0",
    "lastLoginDate": "2017-03-17 11:07:06.0",
    "createdBy": "SYSTEM",
    "updatedBy": "",
    "qaReviewer": "",
    "qaReviewApprover": "",
    "reassignAdmin": "",
    "vendorBillingAdmin": "",
    "onHoldManagerRoleBean": "",
    "establishedRole": "Y"
  },
  {
    "userSeqNum": "",
    "firstname": "Reg Analyst",
    "label": "",
    "value": "Test_RGLTRY",
    "roleDesc": "Test_RGLTRY",
    "lastname": "Test",
    "roleId": "MK",
    "emailId": "it_guardian_test@att.com",
    "additionalRole": 2,
    "attID": "ar570n",
    "password": "",
    "userTitle": "",
    "userManagerId": "",
    "userLevel": "",
    "userStatus": "Y",
    "userSupervisor": "",
    "dateCreated": "2015-02-13 07:43:29.0",
    "dateUpdated": "2016-09-16 02:19:27.0",
    "lastLoginDate": "2017-03-17 11:07:06.0",
    "createdBy": "SYSTEM",
    "updatedBy": "",
    "qaReviewer": "",
    "qaReviewApprover": "",
    "reassignAdmin": "",
    "vendorBillingAdmin": "",
    "onHoldManagerRoleBean": "",
    "establishedRole": "Y"
  }
]