{
	"projectCode" : "GTM2B2017_4",
	"offerList" : [{
		"offerID" : "Offer_0101",
		"psu" : "1P",
		"offerStartDate" : "24-Nov-17",
		"relaseDate" : "",
		"status": "Ready For Release",
		"releaseCode" : ""
	},{
		"offerID" : "Offer_0106",
		"psu" : "2P",
		"offerStartDate" : "24-Nov-17",
		"relaseDate" : "",
		"status": "Ready For Release",
		"releaseCode" : ""
	},{
		"offerID" : "Offer_0110",
		"psu" : "3P",
		"offerStartDate" : "24-Nov-17",
		"relaseDate" : "",
		"status": "Ready For Release",
		"releaseCode" : ""
	},{
		"offerID" : "Offer_0112",
		"psu" : "4P",
		"offerStartDate" : "24-Nov-17",
		"relaseDate" : "",
		"status": "Ready For Release",
		"releaseCode" : ""
	}]
}