{
    "projectID": "GTM2B2017_4",
    "psu": {
        "1P": {
            "DATA": [
                {
                    "offerID": "Offer_0101",
                    "dataType" : "Ultimate Data",
                    "addMarketingOfferConfigured": true,
                    "addOfferConfigured": false,
                    "psuType": "DATA",
                    "psuData": {
                        "1": "DATA"
                    },
                    "currentPSUForForm": false
                },
                {
                	"offerID": "Offer_0102",
                    "dataType" : "Ultimate Data",
                    "addMarketingOfferConfigured": true,
                    "addOfferConfigured": false,
                    "psuType": "DATA",
                    "psuData": {
                        "1": "DATA"
                    },
                    "currentPSUForForm": false
                },
                {
                	"offerID": "Offer_0103",
                    "dataType" : "Ultimate Data",
                    "addMarketingOfferConfigured": true,
                    "addOfferConfigured": false,
                    "psuType": "DATA",
                    "psuData": {
                        "1": "DATA"
                    },
                    "currentPSUForForm": false
                }
            ],
            "PHONE": [],
            "VIDEO": [
                {
                	"offerID": "Offer_0104",
                    "videoType" : "New Contour TV",
                    "addMarketingOfferConfigured": false,
                    "addOfferConfigured": false,
                    "psuType": "VIDEO",
                    "psuData": {
                        "1": "VIDEO"
                    },
                    "currentPSUForForm": false
                },
                {
                	"offerID": "Offer_0105",
                    "videoType" : "New Contour TV",
                    "addMarketingOfferConfigured": false,
                    "addOfferConfigured": false,
                    "psuType": "VIDEO",
                    "psuData": {
                        "1": "VIDEO"
                    },
                    "currentPSUForForm": false
                }
            ],
            "HOMELIFE": [],
            "colSpan": 2
        },
        "2P": {
            "DATA_PHONE": [
                {
                	"offerID": "Offer_0106",
                	"dataType" : "Ultimate Data",
                    "phoneType" : "Home Automation",
                    "addMarketingOfferConfigured": false,
                    "addOfferConfigured": false,
                    "psuType": "DATA_PHONE",
                    "psuData": {
                        "1": "DATA",
                        "2": "PHONE"
                    },
                    "currentPSUForForm": false
                },
                {
                	"offerID": "Offer_0107",
                	"dataType" : "Ultimate Data",
                    "phoneType" : "Home Automation",
                    "addMarketingOfferConfigured": false,
                    "addOfferConfigured": false,
                    "psuType": "DATA_PHONE",
                    "psuData": {
                        "1": "DATA",
                        "2": "PHONE"
                    },
                    "currentPSUForForm": false
                }
            ],
            "DATA_VIDEO": [],
            "DATA_HOMELIFE": [],
            "PHONE_VIDEO": [],
            "PHONE_HOMELIFE": [
                {
                	"offerID": "Offer_0108",
                	"homelifeType" : "Box Prem Phone",
                    "phoneType" : "Home Automation",
                    "addMarketingOfferConfigured": false,
                    "addOfferConfigured": false,
                    "psuType": "PHONE_HOMELIFE",
                    "psuData": {
                        "1": "PHONE",
                        "2": "HOMELIFE"
                    },
                    "currentPSUForForm": false
                },
                {
                	"offerID": "Offer_0109",
                	"homelifeType" : "Box Prem Phone",
                    "phoneType" : "Home Automation",
                    "addMarketingOfferConfigured": false,
                    "addOfferConfigured": false,
                    "psuType": "PHONE_HOMELIFE",
                    "psuData": {
                        "1": "PHONE",
                        "2": "HOMELIFE"
                    },
                    "currentPSUForForm": false
                }
            ],
            "VIDEO_HOMELIFE": [],
            "colSpan": 2
        },
        "3P": {
            "DATA_PHONE_VIDEO": [
                {
                	"offerID": "Offer_0110",
                	"dataType" : "Ultimate Data",
                	"videoType" : "New Contour TV",
                	"homelifeType" : "Box Prem Phone",
                    "phoneType" : "Home Automation",
                    "addMarketingOfferConfigured": false,
                    "addOfferConfigured": false,
                    "psuType": "DATA_PHONE_VIDEO",
                    "psuData": {
                        "1": "DATA",
                        "2": "PHONE",
                        "3": "VIDEO"
                    },
                    "currentPSUForForm": false
                },
                {
                	"offerID": "Offer_0111",
                	"dataType" : "Ultimate Data",
                	"videoType" : "New Contour TV",
                	"homelifeType" : "Box Prem Phone",
                    "phoneType" : "Home Automation",
                    "addMarketingOfferConfigured": false,
                    "addOfferConfigured": false,
                    "psuType": "DATA_PHONE_VIDEO",
                    "psuData": {
                        "1": "DATA",
                        "2": "PHONE",
                        "3": "VIDEO"
                    },
                    "currentPSUForForm": false
                }
            ],
            "DATA_PHONE_HOMELIFE": [],
            "DATA_VIDEO_HOMELIFE": [],
            "PHONE_VIDEO_HOMELIFE": [],
            "colSpan": 1
        },
        "4P": {
            "ALL": [
                {
                	"offerID": "Offer_0112",
                	"dataType" : "Ultimate Data",
                	"videoType" : "New Contour TV",
                	"homelifeType" : "Box Prem Phone",
                    "phoneType" : "Home Automation",
                    "addMarketingOfferConfigured": false,
                    "addOfferConfigured": false,
                    "psuType": "ALL",
                    "psuData": {
                        "1": "DATA",
                        "2": "PHONE",
                        "3": "VIDEO",
                        "4": "HOMELIFE"
                    },
                    "currentPSUForForm": false
                }
            ],
            "colSpan": null
        }
    }
}