{
	"Email": [
		"user1@cox.com",         
		"user2@cox.com",  
		"user3@cox.com", 
		"user4@cox.com",       
		"user5@cox.com"
	],
	"Role": [
		"Admin user", 
        "user", 
        "super-user"
	],
	"FirstName": "User",
    "LastName": "COX",
    "value": "Active",
	"Status": [
		"Active",
		"InActive"
	],
    "WorkGroup": [
        "Requestor", 
        "Configurator", 
        "Distributor", 
        "ICOMS", 
        "OMC", 
        "PinPoint", 
        "E-COM", 
        "UAT Users"
	],
    "valueGroup": "DashBoard",
    "DeafultWorkGroup": [
		"DashBoard"
	],
    "Market": "Orange Country",
    "DeafultMarket": [
		"Orange Country",
		"Las Vegas",
		"Palos Verdes",
		"Santa Barbara",
		"Northen Virginia",
		"San Diego",
		"Phoneix",
		"Connecticut",
		"Rhode Island",
		"Cleveland",
		"Hampton Roads",
		"Roanoke",
		"Kansas",
		"New Orleans",
		"Baton Rouge",
		"Tulsa",
		"Omaha",
		"Gainesville"
	]
}