[
	{
		"ProjectCode": "GTM2B2017_4",
		"OfferID": "OFF_0101",
		"DiscountID": "DIS_01",
		"PSU": "1P",
		"DiscountName": "Discount1",
        "DiscountDescription": "Data",
		"DiscountStratDate": "24-Nov-17",
		"DiscountEndDate": "30-Nov-17",
		"Status": "New"
		
	},{
		"ProjectCode": "",
		"OfferID": "",
		"DiscountID": "DIS_02",
		"PSU": "2P",
		"DiscountName": "Discount2",
        "DiscountDescription": "Data + TV",
		"DiscountStratDate": "24-Nov-17",
		"DiscountEndDate": "30-Nov-17",
		"Status": "New"
		
	},{
		"ProjectCode": "",
		"OfferID": "",
		"DiscountID": "DIS_03",
		"PSU": "3P",
		"DiscountName": "Discount3",
        "DiscountDescription": "Data + TV + PHONE",
		"DiscountStratDate": "24-Nov-17",
		"DiscountEndDate": "30-Nov-17",
		"Status": "New"
		
	},{
		"ProjectCode": "",
		"OfferID": "",
		"DiscountID": "DIS_04",
		"PSU": "4P",
		"DiscountName": "Discount4",
        "DiscountDescription": "Data + TV + PHONE+ CHANNEL",
		"DiscountStratDate": "24-Nov-17",
		"DiscountEndDate": "30-Nov-17",
		"Status": "New"
		
	},{
		"ProjectCode": "",
		"OfferID": "OFF_0102",
		"DiscountID": "DIS_05",
		"PSU": "4P",
		"DiscountName": "Discount5",
        "DiscountDescription": "Data + TV + PHONE+ CHANNEL",
		"DiscountStratDate": "24-Nov-17",
		"DiscountEndDate": "30-Nov-17",
		"Status": "New"
		
	},{
		"ProjectCode": "",
		"OfferID": "",
		"DiscountID": "DIS_06",
		"PSU": "4P",
		"DiscountName": "Discount6",
        "DiscountDescription": "Data + TV + PHONE+ CHANNEL",
		"DiscountStratDate": "24-Nov-17",
		"DiscountEndDate": "30-Nov-17",
		"Status": "New"
		
	},{
		"ProjectCode": "",
		"OfferID": "",
		"DiscountID": "DIS_07",
		"PSU": "4P",
		"DiscountName": "Discount7",
        "DiscountDescription": "Data + TV + PHONE+ CHANNEL",
		"DiscountStratDate": "24-Nov-17",
		"DiscountEndDate": "30-Nov-17",
		"Status": "New"
		
	}
]

