{
    "RequestorName": "Requester4",
    "RequstorEmail": "requestre@cox.com",
    "ProjectName": "",
    "StepUpDuration": [
        "1",
        "2",
        "3",
        "4",
        "5",
        "6"
    ],
    "Description": "",
    "StepUpAmount": "",
    "RequestedStartDate": "30/01/2018",
    "RequirePLG": [
        "1",
        "2",
        "3",
        "4",
        "5",
        "6"
    ],
    "RequestedExpirationDate": "28/02/2018",
    "TargetAudience": [
        "1",
        "2",
        "3",
        "4",
        "5",
        "6"
    ],
    "Products": "",
    "TECodeNedeed": [
        "1",
        "2",
        "3",
        "4",
        "5",
        "6"
    ],
    "AddUptierPaths": "",
    "Channels": [
        "1",
        "2",
        "3",
        "4",
        "5",
        "6"
    ],
    "Duration": "",
    "Markets": [
        "1",
        "2",
        "3",
        "4",
        "5",
        "6"
    ],
    "MustHaveTheseProducts": "",
    "MustExcludeTheseProducts": "",
    "MustInstallTheseProducts": "",
    "MustNotInstallTheseProducts": "",
    "MustRetainTheseProducts": "",
    "MustNotRetainTheseProducts": "",
    "TierRequirements": [
        "1",
        "2",
        "3",
        "4",
        "5",
        "6"
    ],
    "InstallationPricing": ""
}