{
	"ProjectCode": "GTM2B2017_4",
	"ProjectType": [
		"New Offer Creation",         
		"Offer Extension",  
		"Offer Expiration", 
		"Offer Attributes Modification",       
		"Offer Pricing Change"

	],
	"ProjectCategory": "Base Category",
	"Market": [
		"Orange County",
        "Las Vegas",
        "Palos Verdes",
        "Santa Barbara",
        "Northern Virginia",
        "San Diego",
        "Phoenix",
        "Connecticut",
        "Rhode Island",
        "Cleveland",
        "Hampton Roads",
        "Roanoke",
        "Kansas",
        "New Orleans",
        "Baton Rouge",
        "Tulsa",
        "Omaha",
        "Gainesville",
        "Pensacola",
        "Oklahoma City",
        "Macon"

	],
	"StartDate": "13/12/2017",
	"EndDate": "31/01/2018"
}







