[
	{
		"ProjectCode": "GTM2B2017_4",
		"ProjectType": "New Offer Creation",
		"ProjectCategoery": "Base Offer",
		"Market": "San Diego",
		"Status": "New",
		"AssignedTo": "requestor4@cox.com",
		"icon1": "",
		"icon2": "",
		"MarketsView": {
			"Market": [
				{
					"Marketing Offer id": "MO_01",
					"Offer": "Offer1",
					"Last Updated Date": "",
					"Discount Code": [
						"Discount1",
						"Discount2",
						"Product1",
						"Product2"
					],
					"Details": [
						"Project Details",
						"Marketing Offer Detail",
						"Offer Detail",
						"Discount Details",
						"Product Details"
					],
					"Status": [
						"Initiated",
						"Requested",
						"WIP",
						"Pending"
					]
				},
				{
					"Marketing Offer id": "MO_02",
					"Offer": "Offer2",
					"Last Updated Date": "",
					"Discount Code": [
						"Discount1",
						"Discount2",
						"Product1",
						"Product2"
					],
					"Details": [
						"Project Details",
						"Marketing Offer Detail",
						"Offer Detail",
						"Discount Details",
						"Product Details"
					],
					"Status": [
						"Initiated",
						"Requested",
						"WIP",
						"Pending"
					]
				},
				{
					"Marketing Offer id": "MO_03",
					"Offer": "Offer3",
					"Last Updated Date": "",
					"Discount Code": [
						"Discount1",
						"Discount2",
						"Product1",
						"Product2"
					],
					"Details": [
						"Project Details",
						"Marketing Offer Detail",
						"Offer Detail",
						"Discount Details",
						"Product Details"
					],
					"Status": [
						"Initiated",
						"Requested",
						"WIP",
						"Pending"
					]
				}
			]
		}
	}
]

