[
	{
		"ProjectCode": "GTM2B2017_4",
		"OfferID": "OFF_0101",
		"PSU": "1P",
		"OfferName": "Offer 1",
		"OfferDescription": "Data",
		"OfferStratDate": "24-Nov-17",
		"OfferEndDate": "30-Nov-17",
		"Status": "New"
		
	},
    {
		"ProjectCode": "",
		"OfferID": "OFF_0102",
		"PSU": "2P",
		"OfferName": "Offer 2",
		"OfferDescription": "Data + TV",
		"OfferStratDate": "24-Nov-17",
		"OfferEndDate": "30-Nov-17",
		"Status": "New"
		
	},
    {
		"ProjectCode": "",
		"OfferID": "OFF_0103",
		"PSU": "3P",
		"OfferName": "Offer 3",
		"OfferDescription": "Data + TV + PHONE",
		"OfferStratDate": "24-Nov-17",
		"OfferEndDate": "30-Nov-17",
		"Status": "New"
		
	},
    {
		"ProjectCode": "",
		"OfferID": "OFF_0104",
		"PSU": "4P",
		"OfferName": "Offer 4",
		"OfferDescription": "Data + TV + PHONE+ CHANNEL",
		"OfferStratDate": "24-Nov-17",
		"OfferEndDate": "30-Nov-17",
		"Status": "New"
		
	},
    {
		"ProjectCode": "",
		"OfferID": "OFF_0105",
		"PSU": "4P",
		"OfferName": "Offer 5",
		"OfferDescription": "Data + TV + PHONE+ CHANNEL",
		"OfferStratDate": "24-Nov-17",
		"OfferEndDate": "30-Nov-17",
		"Status": "New"
		
	},
    {
		"ProjectCode": "",
		"OfferID": "OFF_0106",
		"PSU": "4P",
		"OfferName": "Offer 6",
		"OfferDescription": "Data + TV + PHONE+ CHANNEL",
		"OfferStratDate": "24-Nov-17",
		"OfferEndDate": "30-Nov-17",
		"Status": "New"
		
	},
    {
		"ProjectCode": "",
		"OfferID": "OFF_0107",
		"PSU": "4P",
		"OfferName": "Offer 7",
		"OfferDescription": "Data + TV + PHONE+ CHANNEL",
		"OfferStratDate": "24-Nov-17",
		"OfferEndDate": "30-Nov-17",
		"Status": "New"
		
	}
    
]

