{
    "offerType" : [
        {
            "id": "1",
            "offerTypeVal": "1P VIDEO"
        },
        {
            "id": "2",
            "offerTypeVal": "1P CHSI"
        },
        {
            "id": "3",
            "offerTypeVal": "1P CDT"
        },
        {
            "id": "4",
            "offerTypeVal": "1P CHL"
        },
        {
            "id": "4",
            "offerTypeVal": "2P VIDEO/CDT"
        },
        {
            "id": "4",
            "offerTypeVal": "4P VIDEO/CHSI/CDT/CHL"
        },
        {
            "id": "4",
            "offerTypeVal": "3P CHSI/CDT/CHL"
        },
        {
            "id": "4",
            "offerTypeVal": "3P VIDEO/CDT/CHL"
        },
        {
            "id": "4",
            "offerTypeVal": "3P VIDEO/CHSI/CHL"
        },
        {
            "id": "4",
            "offerTypeVal": "3P VIDEO/CHSI/CDT"
        },
        {
            "id": "4",
            "offerTypeVal": "2P CDT/CHL"
        },
        {
            "id": "4",
            "offerTypeVal": "2P CHSI/CHL"
        },
        {
            "id": "4",
            "offerTypeVal": "2P CHSI/CDT"
        },
        {
            "id": "4",
            "offerTypeVal": "2P VIDEO/CHL"
        },
        {
            "id": "4",
            "offerTypeVal": "2P VIDEO/CHSI"
        }
    ],
    "dataProduct" : [
        {
            "id": "1",
            "dataType": "NO TIER"
        },
        {
            "id": "2",
            "dataType": "C2C"
        },
        {
            "id": "3",
            "dataType": "OTHER"
        },
        {
            "id": "4",
            "dataType": "SEASONAL"
        },
        {
            "id": "4",
            "dataType": "STARTER 10"
        },
        {
            "id": "5",
            "dataType": "STARTER LIMITED"
        },
        {
            "id": "6",
            "dataType": "ESSENTIALS"
        },
        {
            "id": "7",
            "dataType": "ESSENTIAL 30"
        },
        {
            "id": "8",
            "dataType": "PREFERRED 100"
        },
        {
            "id": "9",
            "dataType": "PREFERRED"
        },
        {
            "id": "10",
            "dataType": "PREMIER"
        },
        {
            "id": "11",
            "dataType": "ULTIMATE"
        },
        {
            "id": "12",
            "dataType": "GIGABIT"
        }
    ],
    "phoneProduct": [
        {
            "id": "1",
            "phoneType": "SEASONAL"
        },
        {
            "id": "2",
            "phoneType": "OTHER"
        },
        {
            "id": "3",
            "phoneType": "STARTER"
        },
        {
            "id": "4",
            "phoneType": "ESSENTIALS"
        },
        {
            "id": "5",
            "phoneType": "CDT ECONOMY"
        },
        {
            "id": "6",
            "phoneType": "PREMIER"
        }
    ],
    "videoProduct": [
        {
            "id": "1",
            "videoType": "OTHER"
        },
        {
            "id": "2",
            "videoType": "SEASONAL"
        },
        {
            "id": "3",
            "videoType": "STARTER"
        },
        {
            "id": "4",
            "videoType": "STARTER PLUS"
        },
        {
            "id": "5",
            "videoType": "CONTOUR FLEX ECONOMY"
        },
        {
            "id": "6",
            "videoType": "CONTOUR FLEX STARTER"
        },
        {
            "id": "7",
            "videoType": "CONTOUR FLEX ECONOMY LATINO"
        },
        {
            "id": "8",
            "videoType": "CONTOUR FLEX STARTER APP ONLY"
        },
        {
            "id": "9",
            "videoType": "TV ECONOMY LATINO"
        },
        {
            "id": "10",
            "videoType": "CONTOUR FLEX LATINO"
        },
        {
            "id": "11",
            "videoType": "ECONOMY"
        },
        {
            "id": "12",
            "videoType": "ECONOMY PLUS"
        },
        {
            "id": "13",
            "videoType": "EL MIX"
        },
        {
            "id": "14",
            "videoType": "ESSENTIALS"
        }
    ],    
    "homelifeProduct": [
        {
            "id": "1",
            "homeLifeType": "NO TIER"
        },
        {
            "id": "2",
            "homeLifeType": "OTHER"
        },
        {
            "id": "3",
            "homeLifeType": "STARTER"
        },
        {
            "id": "4",
            "homeLifeType": "HOME AUTOMATION"
        },
        {
            "id": "5",
            "homeLifeType": "ESSENTIALS"
        },
        {
            "id": "6",
            "homeLifeType": "PREFERRED"
        }
    ],  
    "discountType" : [
        {
            "id": "1",
            "discountType": "Pro Install"
        },
        {
            "id": "2",
            "discountType": "Pre Install"
        }
    ],
    "discountDuration": [
        {
            "id": "1",
            "discountDuration": "One Time"
        },
        {
            "id": "2",
            "discountDuration": "Recurring"
        }
    ]
}