{
    "requestorTableModelData":[
        
        {
            "project":"GTM2B2017_1",
            "marketingOffer":"MO_01",
            "offer":"MO_01",
            "discountCode":"Discount",
            "details":"Project Deatil",
            "status":"Intiated",
            "latestUpdatedDate":"",
            "view":""
        },
        {
            "project":"GTM2B2017_2",
            "marketingOffer":"MO_03",
            "offer":"MO_02",
            "discountCode":"Product",
            "details":"Marketing Offer Detail",
            "status":"Requested",
            "latestUpdatedDate":"",
            "view":""
        },
        {
            "project":"GTM2B2017_3",
            "marketingOffer":"MO_03",
            "offer":"MO_03",
            "discountCode":"DiscountCode1",
            "details":"Offer Detail",
            "status":"WIP",
            "latestUpdatedDate":"",
            "view":""
        },
        {
            "project":"GTM2B2017_4",
            "marketingOffer":"MO_04",
            "offer":"MO_04",
            "discountCode":"DiscountCode2",
            "details":"Discount Detail",
            "status":"Pending",
            "latestUpdatedDate":"",
            "view":""
        },
        {
            "project":"GTM2B2017_5",
            "marketingOffer":"MO_05",
            "offer":"MO_05",
            "discountCode":"DiscountCode3",
            "details":"Product Detail",
            "status":"Pending",
            "latestUpdatedDate":"",
            "view":""
        },
        {
            "project":"GTM2B2017_6",
            "marketingOffer":"MO_06",
            "offer":"MO_06",
            "discountCode":"DiscountCode4",
            "details":"Product Detail",
            "status":"Completed",
            "latestUpdatedDate":"",
            "view":""
        },
        {
            "project":"",
            "marketingOffer":"",
            "offer":"",
            "discountCode":"",
            "details":"Offer Deatil",
            "status":"Completed",
            "latestUpdatedDate":"",
            "view":""
        },
        {
            "project":"",
            "marketingOffer":"",
            "offer":"",
            "discountCode":"",
            "details":"Discount Detail",
            "status":"WIP",
            "latestUpdatedDate":"",
            "view":""
        },
        {
            "project":"",
            "marketingOffer":"",
            "offer":"",
            "discountCode":"",
            "details":"Discount Detail",
            "status":"Completed",
            "latestUpdatedDate":"",
            "view":""
        },
        {
            "project":"",
            "marketingOffer":"",
            "offer":"",
            "discountCode":"",
            "details":"Product Detail",
            "status":"Completed",
            "latestUpdatedDate":"","view":""
        },
        {
            "project":"",
            "marketingOffer":"",
            "offer":"",
            "discountCode":"",
            "details":"Offer Deatil",
            "status":"Pending",
            "latestUpdatedDate":"",
            "view":""
        },
        {
            "project":"",
            "marketingOffer":"",
            "offer":"",
            "discountCode":"",
            "details":"Product Detail",
            "status":"Pending",
            "latestUpdatedDate":"",
            "view":""
        }
        
    ]
    
}


