{
	"headers" : ["Name", "Email"],
	"users" : [{
		"name":"Dawn Howard",
        "email":"dawn_howard@cox.com",
        "selectedstatus":"Active",
    "status": [
        "Active",         
        "InActive"
    ]
	},{
		"name":"Shannon Cloud",
      "email":"shannon_cloud@cox.com",
        "selectedstatus":"InActive",
    "status": [
        "Active",         
        "InActive"
    ]
	},{
		"name":"Catrece Bourda",
      "email":"catrece_bourda@cox.com",
        "selectedstatus":"Active",
    "status": [
        "Active",         
        "InActive"
    ]
	},{
		"name":"Gerry Enriquez",
      "email":"gerry_enriquez@cox.com",
        "selectedstatus":"InActive",
    "status": [
        "Active",         
        "InActive"
    ]
	},{
		"name":"Donna Magyar",
      "email":"donna_magyar@cox.com",
         "selectedstatus":"Active",
    "status": [
        "Active",         
        "InActive"
    ]
	},{
		"name":"Stephen Parsons",
      "email":"stephen_parsons@cox.com",
         "selectedstatus":"Active",
    "status": [
        "Active",         
        "InActive"
    ]
	},{
		 "name":"Rick Parsons",
      "email":"rick_parsons@cox.com",
         "selectedstatus":"InActive",
    "status": [
        "Active",         
        "InActive"
    ]
	},{
		"name":"WENDY GUNN",
      "email":"wendy_gunn@cox.com",
         "selectedstatus":"Active",
    "status": [
        "Active",         
        "InActive"
    ]
	},{
		"name":"LORELI RELOVA",
      "email":"loreli_relova@cox.com",
         "selectedstatus":"InActive",
    "status": [
        "Active",         
        "InActive"
    ]
	}]
}